id,lane,job,hook,shots,truth_gate,status,research_CTA
C01,pilates_grip_multipack,Packing for class,The socks I keep in my class bag.,"Bag, exact contents, fitting, sole close-up","Real routine or neutral packing wording; verified count, fit and care",unproduced_concept,Which detail would you need to see before choosing one?
C02,pilates_grip_multipack,Fit and grip location,Here is where the grip sits.,"Pattern, toe/heel fit, ordinary movement on named floor",No universal no-slip or fall-prevention claim,unproduced_concept,Which detail would you need to see before choosing one?
C03,pilates_grip_multipack,Wash and rotate,"One pair in the wash, one ready for class.","Care label, used pair, actual spare",No invented durability,unproduced_concept,Which detail would you need to see before choosing one?
C04,pet_hair_detailer,Sofa seam,The hair hiding in this sofa seam.,"Matched seam, continuous stroke, collected hair",Named care-compatible fabric and discreet test,unproduced_concept,Which detail would you need to see before choosing one?
C05,pet_hair_detailer,Cleanup and reset,What happens to the hair after the first pass?,"Collect, empty/clean, second pass",No environmental-saving claim,unproduced_concept,Which detail would you need to see before choosing one?
C06,pet_hair_detailer,Ordinary alternative,Two ways to tackle this cushion.,"Comparable areas, lint roller and detailer",Fair visible conditions; observation only,unproduced_concept,Which detail would you need to see before choosing one?
C07,dog_wet_walk_kit,Doorway routine,The wet-walk bits I keep by the door.,"Contents, calm real drying, storage",No animal distress or staged wetting,unproduced_concept,Which detail would you need to see before choosing one?
C08,dog_wet_walk_kit,Paw routine,"Before the sofa, the paw routine.",Actual paw wipe and storage,No hygiene or infection promise,unproduced_concept,Which detail would you need to see before choosing one?
C09,dog_wet_walk_kit,Laundry burden,What needs washing after a rainy walk?,"Used kit, care labels, ordinary drying",No unmeasured absorbency or quick-dry claim,unproduced_concept,Which detail would you need to see before choosing one?
C10,beginner_craft_kit,First stitch,"The first stitch, without skipping the awkward bit.","Exact kit, instructions, actual first stitch",Specify crochet or needlepoint; no completion-time promise,unproduced_concept,Which detail would you need to see before choosing one?
C11,beginner_craft_kit,Kit completeness,"What is in the box, and what is still needed?",Every included item and required extra,Verify contents and safety suitability,unproduced_concept,Which detail would you need to see before choosing one?
C12,beginner_craft_kit,Pause and resume,Where do you leave it when dinner is ready?,"Mark place, store, restart same piece",No invented therapy benefit,unproduced_concept,Which detail would you need to see before choosing one?
C13,refillable_memory_journal,Show the exact refill bundle,What comes with the notebook?,"Lay out the cover, refills, insert and fastening; show each fit in one take.",Exact contents and paper verified; no implied branded affiliation.,unproduced_concept,Which detail would you need to see before choosing one?
C14,refillable_memory_journal,Find a page again,Where did I put that ticket?,"Insert a fictional ticket, mark the page, close and reopen the same notebook.",Use fictional demonstration material; preserve the real pocket size and retrieval effort.,unproduced_concept,Which detail would you need to see before choosing one?
C15,refillable_memory_journal,Refill without replacing the cover,Keep the cover; change the pages.,Remove one completed fictional refill and insert the actual replacement.,Verify refill compatibility and ongoing availability; no invented trip or customer experience.,unproduced_concept,Which detail would you need to see before choosing one?
C16,heatless_curl_kit,Complete setup,"Here is the wrap, including the back.","Contents, complete setup, fastening",Actual consenting adult's hair; no synthetic action,unproduced_concept,Which detail would you need to see before choosing one?
C17,heatless_curl_kit,Genuine result,This is the result on this hair.,"Matched before/after, conditions, removal",No hidden heat/extensions/products or guaranteed result,unproduced_concept,Which detail would you need to see before choosing one?
C18,heatless_curl_kit,Comfort objection,Can I get comfortable with this in?,Actual adjustment and limited wearer observation,No invented sleep experience; stop discomfort,unproduced_concept,Which detail would you need to see before choosing one?
C19,compression_packing_cubes,Same-items comparison,"Same clothes, two ways of packing.","All clothes, ordinary packing, cubes in same bag",Fixed item count; no weight-saving claim,unproduced_concept,Which detail would you need to see before choosing one?
C20,compression_packing_cubes,Arrival retrieval,I only need tomorrow's top.,Open and retrieve named top with rest visible,Show true steps; separate organisation from compression,unproduced_concept,Which detail would you need to see before choosing one?
C21,compression_packing_cubes,Closure limit,What happens when I put too much in?,Normal load and observed closure limit,No destructive stunt or universal airline claim,unproduced_concept,Which detail would you need to see before choosing one?
C22,adjustable_sleep_mask,Fit adjustment,The bit that changes when I tighten it.,"Strap, side profile, wearer fit",Verified range and wearer-specific observation,unproduced_concept,Which detail would you need to see before choosing one?
C23,adjustable_sleep_mask,Light leakage,Where does light get in on my fit?,Fixed room and actual wearer observation,"No all-face blackout, insomnia or measured sleep claim",unproduced_concept,Which detail would you need to see before choosing one?
C24,adjustable_sleep_mask,Bag routine,The sleep-mask pouch in my overnight bag.,"Storage, care, exact packed size",No fabricated flight or sleep testimonial,unproduced_concept,Which detail would you need to see before choosing one?
