id,stage,decision,default,options,evidence,metric,next_test,stop_rule,automation,human_needed
CT01,intake,What does an old winner mean?,Call it a reference unless purchase evidence exists.,"[""Reference activity"", ""Owned historic purchase winner"", ""Primary published case study""]","[{""kind"": ""chosen_operating_rule"", ""source_ids"": [], ""rationale"": ""Ad longevity and likes do not establish this seller's UK profit.""}]","Spend, purchases, country, period, refunds and attribution.",Obtain an existing owned report or retain unknown.,Do not import assumed sales or margin.,Extract authorized reports and retain provenance.,Interpret source context.
CT02,intake,Which historic offer transfers?,"Match exact SKU, variant, price and delivery before transfer.","[""Same verified offer"", ""Changed offer requiring a new hypothesis""]","[{""kind"": ""source_supported_constraint_with_chosen_default"", ""source_ids"": [""CLAIMS""], ""rationale"": ""A different current offer can invalidate an old claim.""}]",Offer differences and unresolved facts.,Compare the current SKU and promises with the archived creative.,Block claims that no longer hold.,Flag changed fields.,Verify product identity.
CT03,capture,How should competitor inspiration be captured?,"Record URL, hook, job, demonstration and date without downloading.","[""Reference notes"", ""Original refilming"", ""Licensed source footage""]","[{""kind"": ""source_supported_constraint_with_chosen_default"", ""source_ids"": [""IPO""], ""rationale"": ""Public visibility does not grant reuse rights.""}]",Complete reference records.,Write an original shot list using verified product facts.,Do not assemble competitor footage into an ad.,Taxonomy and link extraction.,Review rights and originality.
CT04,rights,Which footage may enter production?,Use owned footage or licensed exact-product footage.,"[""Owned actual product"", ""Licensed actual product"", ""Reference only""]","[{""kind"": ""source_supported_constraint_with_chosen_default"", ""source_ids"": [""IPO""], ""rationale"": ""A licence can limit use, territory, editing and period.""}]",Rights completeness by asset.,Review existing licence evidence.,Missing permission means blocked asset.,Reject missing rights fields.,Confirm the licensor can grant the rights.
CT05,rights,Is supplier permission sufficient?,"Check footage ownership, performer, soundtrack, editing and paid scope separately.","[""Complete licence"", ""Organic-only licence"", ""Unknown permission""]","[{""kind"": ""source_supported_constraint_with_chosen_default"", ""source_ids"": [""IPO"", ""SPARK""], ""rationale"": ""Supplier availability and platform authorization do not settle every right.""}]",Unresolved rights items.,Read the actual grant and match the exact SKU.,No publication beyond granted scope.,Expiry and scope flags.,Interpret permission.
CT06,rights,May generic footage use a reference brand name?,Describe the actual SKU and keep reference brands in research notes.,"[""Authorized genuine branded resale"", ""Generic SKU with original branding""]","[{""kind"": ""source_supported_constraint_with_chosen_default"", ""source_ids"": [""CLAIMS""], ""rationale"": ""Category similarity is not identical quality or affiliation.""}]",Brand affiliation evidence.,Check sourcing and applicable design/trademark permissions.,Block implied affiliation without evidence.,Flag brand strings in scripts.,Verify sourcing and claims.
CT07,evidence,What can be screened for free?,Use already owned products or already licensed product footage.,"[""Existing evidence"", ""Paper storyboard pending sample""]","[{""kind"": ""chosen_operating_rule"", ""source_ids"": [], ""rationale"": ""Free screening cannot assume new spending or fake performance.""}]",Eligible concepts with evidence.,Audit existing evidence before rendering.,"No new subscription, sample order or Shopify activation in this stage.",Prepare storyboards and status queue.,Inspect available assets.
CT08,evidence,What is the minimum filming session?,"Capture contents, scale, setup, complete task, cleanup, storage and one limitation.","[""Single real session"", ""Existing licensed equivalent""]","[{""kind"": ""source_supported_constraint_with_chosen_default"", ""source_ids"": [""CLAIMS""], ""rationale"": ""Complete footage lets the viewer evaluate the actual task.""}]",Coverage of practical buying questions.,Film the exact approved sample when funded.,Block unsupported performance edits.,Build a missing-shot list.,Handle product and observe limitations.
CT09,evidence,How should before/after be filmed?,"Hold product, lighting, surface and conditions steady; retain masters.","[""Continuous task"", ""Matched documented before/after""]","[{""kind"": ""source_supported_constraint_with_chosen_default"", ""source_ids"": [""CLAIMS"", ""AIPOLICY""], ""rationale"": ""The edit must not create a product result.""}]",Changed conditions and hidden steps.,Check the raw footage against each cut.,Reject accelerated or concealed steps behind a measurable claim.,Record cut order and master linkage.,Judge the overall impression.
CT10,taxonomy,What is the concept unit?,One concrete buyer job and one objection.,"[""Job-led concept"", ""Objection-led concept"", ""Alternative comparison""]","[{""kind"": ""chosen_operating_rule"", ""source_ids"": [], ""rationale"": ""A background is an execution change, not a new product hypothesis.""}]",Distinct buying questions answered.,Choose one of the 24 scripts per eligible lane.,Reject concepts with no testable buying question.,"Tag hooks, jobs and objections.",Select useful questions.
CT11,script,How should the opening work?,Show the job and product proposition in the first 2-3 seconds.,"[""Problem-first"", ""Result-first with real proof"", ""Setup-first""]","[{""kind"": ""source_supported_constraint_with_chosen_default"", ""source_ids"": [""CREATIVE""], ""rationale"": ""TikTok recommends an early proposition and hook; chosen timings are production defaults.""}]",Retention at comparable points.,Compare two openings over the same demonstration.,No fabricated result or promise in the hook.,Assemble approved text and edit templates.,Approve wording.
CT12,script,What should the main proof show?,An actual full task before decorative shots.,"[""Complete task"", ""Working-part close-up"", ""Practical comparison""]","[{""kind"": ""source_supported_constraint_with_chosen_default"", ""source_ids"": [""CLAIMS""], ""rationale"": ""A supporting background cannot substantiate the product.""}]",Viewer understanding and practical questions.,Compare complete task with a clear explanation on fresh footage.,Stop if the real task cannot be shown truthfully.,Shot sequencing.,Approve actual proof.
CT13,script,Which claims may be written?,Use only verified exact-product facts and limited documented observations.,"[""Documented objective fact"", ""Genuine limited personal observation"", ""Unverified hypothesis retained internally""]","[{""kind"": ""source_supported_constraint_with_chosen_default"", ""source_ids"": [""CLAIMS""], ""rationale"": ""Objective claims need evidence before publication.""}]",Claim ledger coverage.,Match each sentence and implied visual claim to evidence.,"Block unsupported health, durability, speed and universal claims.",Flag missing claim IDs.,Review substantiation.
CT14,script,How should testimonials be used?,Use genuine permissioned statements only.,"[""No testimonial"", ""Verified actual statement""]","[{""kind"": ""source_supported_constraint_with_chosen_default"", ""source_ids"": [""REVIEWS"", ""INTEGRITY""], ""rationale"": ""Invented buyers, celebrities and results are prohibited or misleading.""}]",Evidence and consent completeness.,"Verify statement, provenance and scope.",Reject fabricated social proof.,Detect unlinked review strings.,Verify the person and statement.
CT15,production,What export should be prepared?,"Use 9:16, legible captions and a phone-safe layout; 1080×1920 when source supports it.","[""Short vertical cut"", ""Longer task cut""]","[{""kind"": ""source_supported_constraint_with_chosen_default"", ""source_ids"": [""SPECS"", ""CREATIVE""], ""rationale"": ""Current specifications and creative guidance support vertical safe-zone production.""}]","Visible product detail, text readability, file validity.",Inspect the export on a phone.,"Block hidden claims, unreadable captions or invalid files.","Dimensions, hashes and technical checks.",Watch with and without sound.
CT16,production,What duration should start the screen?,Try a 15-30 second cut as a workload choice.,"[""Short complete task"", ""Longer explanation when needed""]","[{""kind"": ""chosen_operating_rule"", ""source_ids"": [], ""rationale"": ""No universal optimal length is assumed.""}]",Watch seconds and completion by comparable duration.,Compare duration only after job/hook selection.,Do not compare completion rates across different lengths as a pure creative effect.,Group reports by duration.,Judge whether the task is adequately shown.
CT17,AI,What may AI change?,"Support backgrounds, storyboards and captions while preserving real product and results.","[""Plain real setting"", ""Illustrative backdrop"", ""Caption/layout variation""]","[{""kind"": ""source_supported_constraint_with_chosen_default"", ""source_ids"": [""CLAIMS"", ""AIPOLICY"", ""INTEGRITY""], ""rationale"": ""Synthetic performance cannot substantiate an objective claim.""}]","Changed product pixels, implied capabilities and realistic scenes.",Review each frame and the full impression.,"Reject altered scale, fabric, hair, grip, product action or fake result.",Generate local support options and lineage.,Approve realism and truth.
CT18,AI,When is AI disclosure needed?,Review realistic AI or significant edits under current community and ad policies.,"[""Required realistic/significant edit label"", ""Exempt minor edit or nonrealistic art with documented reasoning""]","[{""kind"": ""source_supported_constraint_with_chosen_default"", ""source_ids"": [""INTEGRITY"", ""AIPOLICY""], ""rationale"": ""Organic guidelines effective September 2026 distinguish realistic edits from certain minor/nonrealistic uses.""}]",Disclosure decision recorded per export.,Read the current category and inspect the actual output.,Do not publish unclear realistic synthetic content without proper disclosure.,Flag AI origin and unresolved disclosure.,Judge the actual content.
CT19,AI,How does paid AI disclosure differ by format?,Check the non-Spark AI toggle; apply organic labeling for Spark.,"[""Non-Spark ad toggle"", ""Spark organic disclosure""]","[{""kind"": ""source_supported_constraint_with_chosen_default"", ""source_ids"": [""AITOGGLE""], ""rationale"": ""Campaign duplication resets the non-Spark AI toggle.""}]",Label state after creation or duplication.,Verify every ad version in its actual setup.,Block mislabeled duplicates.,Remind and flag duplicated campaigns.,Confirm the toggle or organic label.
CT20,music,Which soundtrack should be used?,Original cleared product sound or a commercially cleared TikTok track.,"[""Cleared original audio"", ""CML track with correct region/placements"", ""Separately licensed track""]","[{""kind"": ""source_supported_constraint_with_chosen_default"", ""source_ids"": [""CML"", ""CMLTERMS"", ""PROMOTE""], ""rationale"": ""General personal-account music availability does not establish commercial clearance.""}]","Track, region, placement and clearance proof.",Check the specific sound for commercial organic and later paid use.,Missing clearance blocks publication or promotion.,Keep a music-free master and rights ledger.,Verify licence scope.
CT21,music,Can the same soundtrack go to Reels or a website?,Keep it TikTok-only unless separate permission covers the destination.,"[""TikTok-only"", ""Separately cleared cross-platform use""]","[{""kind"": ""source_supported_constraint_with_chosen_default"", ""source_ids"": [""CMLTERMS""], ""rationale"": ""CML terms restrict commercial use to TikTok and sharing features.""}]",Destination licence coverage.,Read the licence before exporting elsewhere.,Do not cross-post a commercial CML soundtrack without additional scope.,Destination checks.,Confirm rights.
CT22,disclosure,Should own-business promotion be disclosed?,Enable commercial disclosure and select own-brand promotional content accurately.,"[""Own-business promotional content"", ""Third-party paid partnership when applicable""]","[{""kind"": ""source_supported_constraint_with_chosen_default"", ""source_ids"": [""DISCLOSURE""], ""rationale"": ""TikTok requires the disclosure setting; it says distribution is unaffected.""}]",Correct disclosure state.,Verify before publication.,No undisclosed commercial treatment as a test arm.,Publication checklist preparation.,Confirm commercial relationship.
CT23,originality,Does a licensed remix guarantee organic reach?,"Assess rights, FYF eligibility, ad eligibility and rewards independently.","[""Original demonstration"", ""Substantive accurate explanation with rights"", ""Cosmetic reused clip rejected""]","[{""kind"": ""source_supported_constraint_with_chosen_default"", ""source_ids"": [""INTEGRITY"", ""REWARDS""], ""rationale"": ""Permission is separate from originality and Creator Rewards has its own rules.""}]",Eligibility status and actual creative contribution.,Review the September 2026 originality rules.,Do not rely on minimal background/filter changes to reused footage.,Flag watermarks and near-duplicates.,Assess original contribution.
CT24,variants,How many factor combinations should be rendered?,"Render staged comparisons, not the full Cartesian product.","[""Job first"", ""Hook next"", ""Proof next"", ""Background last""]","[{""kind"": ""source_supported_constraint_with_chosen_default"", ""source_ids"": [""VARIABLES"", ""MULTIPLE""], ""rationale"": ""Many variants create selection opportunities without distinct evidence.""}]",Distinct hypotheses and variants per hypothesis.,Hold baseline fixed and change one factor.,Reject batches with no clear decision.,Generate contact sheets and maintain factors.,Choose the next useful contrast.
CT25,variants,How is creative lineage preserved?,"Assign immutable asset/version IDs and link parent, master, claims and licence.","[""Master-based versioned variants""]","[{""kind"": ""chosen_operating_rule"", ""source_ids"": [], ""rationale"": ""Lineage distinguishes new evidence from repeated packaging.""}]",Missing links and duplicate hashes.,Audit a selected finalist back to the source.,Block exports with unknown source.,Hashing and metadata validation.,Resolve ambiguous rights or evidence.
CT26,organic_plan,How many lanes should move beyond paper?,Prepare one concept per evidenced lane; shortlist at most two before a small organic screen.,"[""Two finalists"", ""One evidenced finalist"", ""Remain on paper""]","[{""kind"": ""chosen_operating_rule"", ""source_ids"": [], ""rationale"": ""The 24 concepts are options; eight lanes need not all be viable or cheap.""}]","Evidence completeness, practicality and economics.",Review eligible concepts before posting.,No store activation to rescue a blocked concept.,Prepare queue only.,Choose finalists.
CT27,organic_plan,What first-screen workload is chosen?,Two hooks and two genuinely new takes per hook for each of two finalists: at most eight posts.,"[""Eight-post maximum"", ""Smaller screen if evidence is limited""]","[{""kind"": ""chosen_operating_rule"", ""source_ids"": [], ""rationale"": ""This bounds effort and includes replication; it is not a power guarantee.""}]",Fresh takes per hypothesis.,Inspect the prewritten queue.,Stop generating near-duplicate filler.,Track takes and factors.,Film and approve originals.
CT28,organic_plan,How should posting time be handled?,Use comparable slots and rotate order across blocks.,"[""A/B then B/A on fresh takes"", ""Smaller matched within-account blocks""]","[{""kind"": ""source_supported_constraint_with_chosen_default"", ""source_ids"": [""BLOCKS"", ""RANKING""], ""rationale"": ""Known nuisance variation can be reduced; viewer randomization remains absent.""}]","Block, account, time, music and duration.",Prewrite schedule before execution.,Do not claim randomized creative effects.,Queue and reminder preparation.,Approve actual later publication.
CT29,organic_plan,Can unlike accounts be pooled?,Analyse account contexts separately and record audience history.,"[""Same-account comparison"", ""Separate account reports""]","[{""kind"": ""source_supported_constraint_with_chosen_default"", ""source_ids"": [""RANKING""], ""rationale"": ""Account and viewer histories affect organic distribution.""}]",Account audience and geography where available.,Compare within matching contexts.,Do not call audience differences product lift.,Group by account.,Interpret account relevance.
CT30,organic_measurement,At what age should posts be compared?,Use chosen 72-hour and seven-day equal-age snapshots.,"[""Predeclared equal-age windows"", ""Extra late snapshot retained separately""]","[{""kind"": ""source_supported_constraint_with_chosen_default"", ""source_ids"": [""PEEKING""], ""rationale"": ""The windows are chosen operating rules, not distribution deadlines.""}]",Post age and snapshot coverage.,Collect equal-age authorized analytics.,No repeatedly rewritten winner based on favourable peeks.,Reminders and snapshot ingestion.,Interpret late distribution.
CT31,organic_measurement,What is the exposure denominator?,Show raw views and available unique/relevant audience information beside each rate.,"[""Platform raw counts"", ""Available unique counts"", ""Unknown geography explicitly marked""]","[{""kind"": ""source_supported_constraint_with_chosen_default"", ""source_ids"": [""RANKING""], ""rationale"": ""A repeated view is not necessarily a new potential buyer.""}]","Views, available unique viewers, UK share and traffic source.",Check definitions in the actual export.,No fabricated unique viewers or UK audience.,Normalize available fields.,Approve denominator interpretation.
CT32,organic_measurement,Which attention metric is primary?,Choose one before posting and compare cuts of similar duration.,"[""Watch seconds"", ""Comparable-point retention"", ""Completion within matched duration""]","[{""kind"": ""chosen_operating_rule"", ""source_ids"": [], ""rationale"": ""Attention outcomes answer explanation questions, not purchase economics.""}]",Primary metric plus raw counts.,Replicate the opening on fresh takes.,Do not switch primary metric after seeing results.,Compute transparent metrics.,Choose the metric suited to the question.
CT33,organic_measurement,How should comments be coded?,Separate practical buying questions from reactions and count distinct contributors.,"[""Fit/material/price/delivery question"", ""Weak intent"", ""General engagement""]","[{""kind"": ""chosen_operating_rule"", ""source_ids"": [], ""rationale"": ""A comment is not an order; duplicate and sarcastic text can mislead.""}]",Distinct practical questions with source text.,Review the actual comments and code ambiguity.,No automated conversion inference.,Draft classification with original links.,"Review sarcasm, duplication and intent."
CT34,organic_measurement,What does low delivery mean?,Record insufficient evidence and check eligibility/account context.,"[""Inconclusive delivery"", ""Restricted post"", ""Enough relevant exposure for chosen screen""]","[{""kind"": ""source_supported_constraint_with_chosen_default"", ""source_ids"": [""RANKING"", ""INTEGRITY""], ""rationale"": ""Organic allocation is selective; little reach does not establish lack of demand.""}]",Relevant exposure and restriction status.,Resolve a technical/policy issue once if justified.,No generic low-view rejection rule.,Flag sparse data.,Interpret feasibility.
CT35,organic_measurement,Which view threshold certifies a winner?,"None; do not invent a generic views, CTR or CVR target.","[""Chosen practical exposure floor disclosed in advance"", ""Inconclusive""]","[{""kind"": ""chosen_operating_rule"", ""source_ids"": [], ""rationale"": ""Benchmarks unsupported for this offer are not evidence.""}]","Raw exposure, replication and buyer questions.",Explain any chosen floor before execution.,No post-hoc threshold chosen to pass the favourite.,Show missing threshold and rationale.,Set workload rule if needed.
CT36,organic_measurement,How should a finalist advance?,"Require complete evidence, feasible economics and replicated direction; prefer useful buying questions.","[""Advance one offer"", ""Revise once"", ""Stop"", ""Inconclusive""]","[{""kind"": ""source_supported_constraint_with_chosen_default"", ""source_ids"": [""SELECTION"", ""MULTIPLE""], ""rationale"": ""Selection across many variants can overstate an apparent advantage.""}]",Replication consistency and relevant questions.,Test the chosen explanation on fresh material.,Discordant takes or sparse UK exposure remain inconclusive.,Preserve all candidates and failures.,Make shortlist judgment.
CT37,intent,Can a free research page establish demand?,Show an honest realistic price hypothesis and availability; label clicks/signups as interest.,"[""Transparent free research page"", ""No page if facts are unresolved""]","[{""kind"": ""source_supported_constraint_with_chosen_default"", ""source_ids"": [""CLAIMS""], ""rationale"": ""Seeing price is stronger than views, but no completed purchase has occurred.""}]",Price-exposed visits and genuine questions.,Use asset links when supported; otherwise unknown attribution.,"No fake checkout, stock, deadline or sales claim.",Prepare local page and links.,Approve price and availability truth.
CT38,statistics,Are views independent observations?,Treat fresh posts/takes as the screening unit; avoid view-level significance claims.,"[""Descriptive organic comparison"", ""Controlled paid experiment if feasible""]","[{""kind"": ""source_supported_constraint_with_chosen_default"", ""source_ids"": [""RANKING"", ""BLOCKS""], ""rationale"": ""Repeated viewers and selective algorithmic allocation invalidate a simple independent-view assumption.""}]",Variation between fresh takes.,Replicate before funding.,No p-value manufactured from organic view totals.,Show counts and variation.,Interpret limitations.
CT39,statistics,How is multiple testing handled?,"Keep one primary metric, limit finalists and preserve every tested result.","[""Exploratory screen with replication"", ""Formal adjusted analysis with suitable design""]","[{""kind"": ""source_supported_constraint_with_chosen_default"", ""source_ids"": [""MULTIPLE"", ""SELECTION""], ""rationale"": ""Picking the best of many noisy comparisons introduces selection risk.""}]",Number of hypotheses tested and retained.,Fresh holdout creative/take for selected explanation.,Do not erase losing variants.,Record complete test family.,Approve analysis design.
CT40,statistics,Can a test stop when the first favourable result appears?,"Predeclare end date, spend cap and primary outcome; safety stops are labelled truncated.","[""Planned end"", ""Safety/budget stop"", ""Platform documented decision""]","[{""kind"": ""source_supported_constraint_with_chosen_default"", ""source_ids"": [""PEEKING"", ""POWER""], ""rationale"": ""Conventional fixed-design inference depends on its stopping plan.""}]","Elapsed time, spend and completeness.",Monitor safety without opportunistic winner declarations.,Early safety/budget stop is not proof of a winner.,Monitor caps and outages.,Review required early stop.
CT41,paid_gate,How much fresh money is authorized?,No fresh money; at most the remainder within the existing conditional £200 single-pilot ceiling.,"[""Proceed within prior conditional authorization"", ""Do no paid test""]","[{""kind"": ""chosen_operating_rule"", ""source_ids"": [], ""rationale"": ""The parent task fixes one all-in pilot, not an extra ad allowance.""}]",All costs already incurred plus commitments and reserve.,Reconcile the total pilot ledger.,"No top-up, second product or implicit renewal.",Calculate remaining envelope.,Confirm prior conditions are actually satisfied.
CT42,paid_gate,Can native purchase A/B fit?,"Check actual UK minima, remaining budget, 7-day feasibility and estimated power before activation.","[""Feasible native split"", ""Directional pilot"", ""No paid test""]","[{""kind"": ""source_supported_constraint_with_chosen_default"", ""source_ids"": [""BUDGET"", ""POWER""], ""rationale"": ""Documented >US$20/day per arm implies >US$280 for two seven-day arms before non-media costs; UK setup controls actual currency minima.""}]",Configured minimum spend and estimated power.,Read the current setup without activating spend.,Do not raise £200 to force a native test.,Feasibility calculation.,Verify account currency and budget UI.
CT43,paid_gate,What if budget or power is insufficient?,Record native_purchase_AB_not_feasible; choose no test or a clearly directional pilot.,"[""No spend"", ""Single-post eligible pilot within remaining authorization""]","[{""kind"": ""source_supported_constraint_with_chosen_default"", ""source_ids"": [""BUDGET"", ""POWER""], ""rationale"": ""Small budget does not create a statistically decisive experiment.""}]",Usable remainder and outcome information.,Define the narrower pilot question.,No claim that a short/sparse pilot proves relative superiority.,Record explicit result type.,Choose whether the limited information is useful.
CT44,paid_design,Which objective matches the question?,Use purchase measurement for acquisition economics; label view/traffic tests narrowly.,"[""Purchase"", ""Landing-page traffic"", ""Video views""]","[{""kind"": ""source_supported_constraint_with_chosen_default"", ""source_ids"": [""VARIABLES""], ""rationale"": ""Optimization objectives seek different outcomes.""}]",The predeclared objective's actual outcome plus buyer ledger.,Confirm available options and event validity.,No view-optimized campaign declared profitable without purchases.,Validate objective/event mapping.,Choose the decision to fund.
CT45,paid_design,What makes a controlled creative comparison?,Use the native split tool with other variables fixed and one selected creative factor.,"[""Hook comparison"", ""Proof comparison"", ""Format treatment explicitly named""]","[{""kind"": ""source_supported_constraint_with_chosen_default"", ""source_ids"": [""SPLIT"", ""VARIABLES""], ""rationale"": ""Native tool separates audiences; ordinary multi-ad delivery can adapt.""}]",Primary purchase/cost outcome and platform result.,"Configure matching SKU, price, page, audience, schedule and attribution.",No simultaneous price/music/hook changes called a hook test.,Prepare comparison settings.,Inspect the final setup.
CT46,paid_design,Does promoting one post prove lift?,Treat it as a directional acquisition pilot with no comparator.,"[""Single-post pilot"", ""Native split when feasible""]","[{""kind"": ""source_supported_constraint_with_chosen_default"", ""source_ids"": [""PROMOTE"", ""SPLIT""], ""rationale"": ""One promoted post cannot supply untreated or alternate-creative outcomes.""}]","Billed spend, visits, purchases and contribution.",Choose its outcome and cap before activation.,No incremental-lift or A/B superiority claim.,Build the pilot log.,Approve later spend switch.
CT47,paid_design,Should Spark be used?,Use only an authorized exact post with cleared paid rights and final caption.,"[""Own authorized post"", ""Creator-authorized post"", ""Original non-Spark asset""]","[{""kind"": ""source_supported_constraint_with_chosen_default"", ""source_ids"": [""SPARK"", ""IPO""], ""rationale"": ""Spark authorization is post-specific; caption editing is locked after authorization.""}]","Post ID, account, expiry, caption and rights.",Verify post identity and scope before setup.,No public-post scraping or unknown code scope.,Expiry and post mapping.,Obtain permission only in a later authorized action.
CT48,paid_design,Can Spark/non-Spark be treated as video-only?,Name it a combined format/social-proof treatment if compared.,"[""Same format both arms"", ""Explicit format treatment""]","[{""kind"": ""source_supported_constraint_with_chosen_default"", ""source_ids"": [""SPARK"", ""VARIABLES""], ""rationale"": ""Presentation and existing engagement may change along with format.""}]",Format and baseline social engagement.,Hold the format fixed for a pure hook test.,Do not attribute a mixed-format effect solely to the hook.,Record treatment factors.,Approve hypothesis wording.
CT49,measurement,What measurement must work before spend?,"Verify consent-aware events, order IDs, test-order exclusions and deduplication.","[""Validated purchase path"", ""Narrower outcome if purchases unavailable""]","[{""kind"": ""chosen_operating_rule"", ""source_ids"": [], ""rationale"": ""Broken or doubled events prevent meaningful economics.""}]",Ledger purchases versus reported events.,Check a safe test order only when execution is authorized.,Broken checkout or unreliable events blocks paid launch.,Reconcile event/order IDs.,Approve consent and checkout testing.
CT50,economics,What is the affordable CAC?,Derive it from net first-order contribution less a chosen profit allowance.,"[""Observed cost ledger"", ""Unknown economics: stop""]","[{""kind"": ""chosen_operating_rule"", ""source_ids"": [], ""rationale"": ""Retail price minus supplier price omits major costs; competitor CPA is not this offer's limit.""}]","Net revenue less landed, fulfilment, postage, fees, returns, replacements and support.",Use verified quotes and sample facts in calculator.,Non-positive or unknown viable contribution blocks acquisition spend.,Transparent arithmetic.,Approve cost assumptions and profit allowance.
CT51,paid_monitoring,What can interrupt the planned pilot?,"Broken checkout, false claims, policy issues, invalid measurement or the all-in cap.","[""Safety stop"", ""Budget stop"", ""Planned end""]","[{""kind"": ""source_supported_constraint_with_chosen_default"", ""source_ids"": [""PEEKING""], ""rationale"": ""An interrupted pilot is a valid cost/safety decision but truncated for inference.""}]",Spend and critical failure flags.,Investigate only the specific issue.,No auto-top-up or restart to rescue a result.,Alerts and hard-limit reminders.,Switch spend off and assess facts.
CT52,paid_review,What counts as buyer evidence?,"Record actual orders, fulfilled outcomes, refunds and contribution separately from clicks.","[""Actual buyer ledger"", ""Interest only"", ""Measurement inconclusive""]","[{""kind"": ""chosen_operating_rule"", ""source_ids"": [], ""rationale"": ""Free reach and attributed events are not refund-adjusted profit.""}]","Completed and fulfilled orders, net revenue and contribution.",Reconcile platform reports with store and payment records.,No profitability claim based on gross ROAS or views.,Report reconciled totals and attribution gaps.,Review fulfilment and refunds.
CT53,paid_review,Can a relative ad winner scale automatically?,No; check absolute economics and repeatability within existing authorization.,"[""Next validation within prior scope"", ""Separate later authorization"", ""Stop""]","[{""kind"": ""source_supported_constraint_with_chosen_default"", ""source_ids"": [""SPLIT""], ""rationale"": ""A statistically better ad can still be unprofitable.""}]","Affordable CAC, net contribution and platform uncertainty.",Validate fulfilled purchases and costs.,No spend escalation implied by a winner label.,Generate result packet only.,Make further-spend decision.
CT54,closeout,How should the final decision be recorded?,"Use advance_to_next_validation, revise_once, stop_spending or inconclusive with reasons.","[""Advance"", ""Revise once"", ""Stop spending"", ""Inconclusive""]","[{""kind"": ""chosen_operating_rule"", ""source_ids"": [], ""rationale"": ""Sparse data can justify stopping expenditure without rejecting the entire category.""}]","Evidence completeness, economics and unresolved risks.",State the smallest next test that could change the decision.,Do not buy another test merely to eliminate uncertainty.,Assemble the full registry and evidence links.,Own final judgment.
CT55,automation,What may the system do now?,"Prepare local assets, reports, contact sheets and flags; no external execution.","[""Research and local preparation"", ""Later expressly authorized posting/spend""]","[{""kind"": ""chosen_operating_rule"", ""source_ids"": [], ""rationale"": ""This assignment authorizes research deliverables, not posting, outreach, downloads or purchases.""}]",External action log remains empty.,Hand over reviewable preparation.,"No publication, supplier contact, Spark request or paid activation.","Metadata, calculations, drafts and reminders.","Inspect products, clear rights and authorize execution."
AM01,scope,Choose the working commercial scope,"Preserve ten free drafts; screen the current twelve physical revival candidates for quality and delivered costs, narrow to two research finalists, then one active brand","[""screen_current_twelve_product_shortlist"", ""retain_two_research_finalists"", ""select_one_active_brand_after_gates"", ""park_candidate_if_quality_or_economics_fail""]","[{""title"": ""Recorded preparation evidence; dated snapshot"", ""url"": ""ten-store-lab.html#position""}, {""title"": ""Recorded preparation evidence; dated snapshot"", ""url"": ""ten-store-lab.html#position""}, {""title"": ""Recorded preparation evidence; dated snapshot"", ""url"": ""ten-store-lab.html#position""}, {""title"": ""Recorded preparation evidence; dated snapshot"", ""url"": ""ten-store-lab.html#position""}, {""title"": ""Recorded preparation evidence; dated snapshot"", ""url"": ""ten-store-lab.html#position""}]","Actual delivered quality, full-price buying evidence, at least GBP25 before acquisition and GBP15 after measured acquisition after variable costs and servicing time","Compare exact specifications, current cost evidence and quality-test plans across the twelve; narrow to two research finalists without account actions or spend",No defensible purchase reason or no credible route to the chosen contribution screens,Compare sourced manifests and flag missing costs without ranking mockups as demand,"Product taste, buying occasion, physical sample and final candidate judgement"
AM02,discovery,Choose research tools,"Use public Creative Center, Meta Ad Library and Google Trends with an explicit source ledger","[""manual public research"", ""existing local permitted importer"", ""optional paid intelligence only after a separate justified scope""]","[{""id"": ""creative_center"", ""url"": ""https://ads.tiktok.com/business/library/NA_Creative_Center_Top_Ads_One_Pager.pdf"", ""publisher"": ""TikTok"", ""checked_on"": ""2026-10-02""}, {""id"": ""meta_library"", ""url"": ""https://about.fb.com/news/2019/03/a-better-way-to-learn-about-ads/"", ""publisher"": ""Meta"", ""checked_on"": ""2026-10-02"", ""note"": ""Historical official explanation; verify present market filters before collection.""}, {""id"": ""trends"", ""url"": ""https://support.google.com/trends/answer/4365533?hl=en"", ""publisher"": ""Google"", ""checked_on"": ""2026-10-02""}, {""id"": ""similarweb"", ""url"": ""https://support.similarweb.com/hc/en-us/articles/5083358615313-Similarweb-Data-Methodology-FAQs"", ""publisher"": ""Similarweb"", ""checked_on"": ""2026-10-02""}, {""id"": ""kalodata"", ""url"": ""https://www.kalodata.com/knowledge.html"", ""publisher"": ""Kalodata"", ""checked_on"": ""2026-10-02""}, {""id"": ""pipiads"", ""url"": ""https://www.pipiads.com/pricing?tab=membership"", ""publisher"": ""PiPiADS"", ""checked_on"": ""2026-10-02""}, {""id"": ""apify"", ""url"": ""https://apify.com/pricing"", ""publisher"": ""Apify"", ""checked_on"": ""2026-10-02""}]",Useful verified observations per owner hour and incremental research cost,"Capture a bounded competitor set with UK prices, date/filter context and uncertainties","Paywall, login requirement outside scope, blocked collection, uncertain rights or no decision value",Normalise and deduplicate permitted observations; no new subscription or actor run,Interpret sample bias and decide whether observed hooks fit the actual offer
AM03,source_ledger,Separate evidence from inference,"Attach publisher, retrieval time, query, observed fact, confidence and recheck trigger to each source","[""supplier quote"", ""advertised offer"", ""vendor estimate"", ""actual transaction"", ""owner observation""]","[{""title"": ""Recorded preparation evidence; dated snapshot"", ""url"": ""ten-store-lab.html#position""}, {""id"": ""trends"", ""url"": ""https://support.google.com/trends/answer/4365533?hl=en"", ""publisher"": ""Google"", ""checked_on"": ""2026-10-02""}, {""id"": ""similarweb"", ""url"": ""https://support.similarweb.com/hc/en-us/articles/5083358615313-Similarweb-Data-Methodology-FAQs"", ""publisher"": ""Similarweb"", ""checked_on"": ""2026-10-02""}]",Share of launch-critical claims with current primary evidence and complete delivered cost,"Trace every shipping, material, turnaround and price claim back to its owner","Missing source, expired quote, unsupported quality claim or estimate presented as a sale",Validate required source fields and recheck flags; retain only permitted minimal excerpts,Confirm supplier interpretation and approve factual claims
AM04,rights_assets,Decide which assets may represent the product,Use owned original assets and honest physical sample photos with a rights manifest,"[""owned sample photo"", ""licensed contextual image"", ""clearly illustrative generated mockup""]","[{""title"": ""Recorded preparation evidence; dated snapshot"", ""url"": ""ten-store-lab.html#position""}, {""id"": ""tiktok_music"", ""url"": ""https://ads.tiktok.com/business/en-US/blog/audio-library-royalty-free-music?redirected=1"", ""publisher"": ""TikTok"", ""checked_on"": ""2026-10-02""}]",Rights coverage and match between creative promise and inspected product,Review licence/platform/paid-use/music records and inspect actual sample against each claim,"Unclear reuse rights, franchise/brand dependence, misleading physical representation or absent required permission","Check asset manifests and hashes, produce draft crops and dimensions; no competitor creative copying","Rights and taste judgement, photo truthfulness, embroidery/print quality"
AM05,experiment_identity,Preserve the version that produced a result,"Immutable offer, SKU, creative, page, experiment and treatment IDs with exact asset hashes","[""one fixed offer with one changed creative hook"", ""sequential variant after a documented result""]","[{""title"": ""Recorded preparation evidence; dated snapshot"", ""url"": ""ten-store-lab.html#position""}, {""id"": ""shopify_csv"", ""url"": ""https://help.shopify.com/en/manual/products/import-export/using-csv"", ""publisher"": ""Shopify"", ""checked_on"": ""2026-10-02""}]","Each observed result joins to one exact price, product mapping and creative version",Verify a sample campaign link resolves to the intended unpublished offer mapping,"Unknown version, reused ID for changed price/asset, or stale Shopify variant mapping",Generate manifests and UTM registry; reject missing or conflicting IDs,Choose a meaningful treatment and approve product/copy quality
AM06,store_factory,Reuse the existing build factory,Prepare one physical offer in draft packages with sales and supplier ordering disabled,"[""reuse reviewed theme components"", ""small native correction after readback""]","[{""title"": ""Recorded preparation evidence; dated snapshot"", ""url"": ""ten-store-lab.html#position""}, {""title"": ""Recorded preparation evidence; dated snapshot"", ""url"": ""ten-store-lab.html#position""}]","Offer clarity, correct variants/shipping/weight, truthful delivery promise and reproducible package",Review one release manifest on mobile and confirm all physical-product fields are sourced,"Unverified supplier acceptance, placeholder policies, misleading sample or product form failure",Generate copy/image inventories/import kits and compare hashes; no account write in this task,"Approve visual quality, public business details, supplier and returns workflow"
AM07,native_products,Treat CSV generation and import as separate evidence,Explicit draft/unpublished settings followed by native product and variant readback,"[""current-template CSV import"", ""native manual draft entry for one offer""]","[{""id"": ""shopify_csv"", ""url"": ""https://help.shopify.com/en/manual/products/import-export/using-csv"", ""publisher"": ""Shopify"", ""checked_on"": ""2026-10-02""}, {""title"": ""Recorded preparation evidence; dated snapshot"", ""url"": ""ten-store-lab.html#position""}]",Correct price/currency/options/weight/inventory/channel state and stable mapping,Validate current CSV headers and read back one native draft after any later authorised import,"Active default, wrong publication, stale variant IDs, overselling or incorrect shipping setting",Validate explicit draft/publication fields and compare expected versus observed mappings,Review product options and supplier feasibility before accepting import
AM08,hosting,Choose where research and transactions live,Editorial research only on GitHub Pages within its limits; commerce uses permitted hosting and Shopify checkout,"[""private local prototype"", ""editorial reference report"", ""Shopify merchant storefront after gates""]","[{""id"": ""pages_limits"", ""url"": ""https://docs.github.com/en/pages/getting-started-with-github-pages/github-pages-limits"", ""publisher"": ""GitHub"", ""checked_on"": ""2026-10-02""}, {""title"": ""Recorded preparation evidence; dated snapshot"", ""url"": ""ten-store-lab.html#position""}]","Hosting terms fit, no public sensitive data, working buyer journey",Review any public report for commercial-transaction purpose and private-data leakage before publication,Pages used as e-commerce hosting or customer upload/checkout destination,"Scan intended public bundle for secrets, raw ledgers and customer files",Approve report purpose and buyer-facing hosting choice
AM09,checkout_qa,Set truthful checkout readiness criteria,Free development rehearsal first; merchant test capability and plan cost remain gates,"[""test-only dev store"", ""later merchant test gateway after verified paid-plan scope""]","[{""id"": ""shopify_test"", ""url"": ""https://help.shopify.com/en/manual/checkout-settings/test-orders"", ""publisher"": ""Shopify"", ""checked_on"": ""2026-10-02""}, {""title"": ""Recorded preparation evidence; dated snapshot"", ""url"": ""ten-store-lab.html#position""}]","Verified cart form, variant/quantity/price, approved and declined test payment, test order, refund and fulfilment outcome",Complete development-mirror scenarios when the owner's recorded browser handoff is resolved,"Only a checkout page loaded, test flag missing, real fee risk outside scope, or wrong product/total",Prepare scenario checklist and capture minimal private test evidence; never count test orders as demand,Resolve recorded owner-only browser interfaces and required merchant identity/payment setup
AM10,consent,Choose production measurement permission behaviour,Optional analytics and advertising off until relevant consent; checkout usable after refusal,"[""Shopify-managed app pixel"", ""reviewed custom pixel with required categories"", ""operational records without optional ad forwarding""]","[{""id"": ""shopify_privacy"", ""url"": ""https://shopify.dev/docs/api/web-pixels-api/pixel-privacy"", ""publisher"": ""Shopify"", ""checked_on"": ""2026-10-02""}, {""id"": ""shopify_consent_api"", ""url"": ""https://shopify.dev/docs/api/web-pixels-api/standard-api/customerprivacy"", ""publisher"": ""Shopify"", ""checked_on"": ""2026-10-02""}, {""id"": ""shopify_pixels"", ""url"": ""https://shopify.dev/docs/apps/build/marketing/pixels"", ""publisher"": ""Shopify"", ""checked_on"": ""2026-10-02""}, {""id"": ""ico_consent"", ""url"": ""https://ico.org.uk/for-organisations/direct-marketing-and-privacy-and-electronic-communications/guidance-on-the-use-of-storage-and-access-technologies/how-do-we-manage-consent-in-practice/"", ""publisher"": ""ICO"", ""checked_on"": ""2026-10-02""}, {""id"": ""ico_ads"", ""url"": ""https://ico.org.uk/for-organisations/direct-marketing-and-privacy-and-electronic-communications/guidance-on-the-use-of-storage-and-access-technologies/how-do-the-rules-apply-to-online-advertising/"", ""publisher"": ""ICO"", ""checked_on"": ""2026-10-02""}]",No disallowed optional requests before consent or after revocation; truthful category and replay coverage,Observe absent/refused/accepted/revoked consent including cross-domain checkout and app replay,"Consent propagation failure, tracking without allowed purpose or blocked essential shopping",Inventory emitters and validate allowlisted payloads in the Shopify sandbox,"Approve purposes, processors, banner wording and retention"
AM11,privacy_payloads,Limit analytics data to what decides the test,"Enums and opaque IDs only; no keystrokes, uploads, routes, personalisation, PII or replay","[""minimal event stream"", ""cohort-only aggregates"", ""no optional stream until verified""]","[{""title"": ""Recorded preparation evidence; dated snapshot"", ""url"": ""ten-store-lab.html#position""}, {""title"": ""Recorded preparation evidence; dated snapshot"", ""url"": ""ten-store-lab.html#position""}, {""id"": ""ico_consent"", ""url"": ""https://ico.org.uk/for-organisations/direct-marketing-and-privacy-and-electronic-communications/guidance-on-the-use-of-storage-and-access-technologies/how-do-we-manage-consent-in-practice/"", ""publisher"": ""ICO"", ""checked_on"": ""2026-10-02""}]",Zero forbidden fields in observed requests; a verified retention control,Inspect realistic checkout and personalisation inputs for URL/payload leakage without using actual customer data,Personal content enters analytics/public output or required retention cannot be controlled,Reject unknown fields and strip disallowed URL parameters; propose 30-day raw optional-log expiry,Review operational necessity and processor controls; set separate customer-record retention
AM12,funnel,Map observed actions without claiming complete visitor tracking,Use exact Shopify standard event names with test/environment and fixed product mappings,"[""native app event mapping"", ""reviewed custom click event only for a real gap""]","[{""id"": ""shopify_events"", ""url"": ""https://shopify.dev/docs/api/web-pixels-api/standard-events"", ""publisher"": ""Shopify"", ""checked_on"": ""2026-10-02""}, {""id"": ""shopify_completion"", ""url"": ""https://shopify.dev/docs/api/web-pixels-api/standard-events/checkout_completed"", ""publisher"": ""Shopify"", ""checked_on"": ""2026-10-02""}, {""title"": ""Recorded preparation evidence; dated snapshot"", ""url"": ""ten-store-lab.html#position""}]",Observed consented view-to-cart-to-checkout coverage and agreement of paid-order identity,"Walk one instrumented test journey and verify event order, values, lines and duplicates","Preview simulation counted as customer activity, inferred clicks or purchase event treated as exhaustive sales",Compare event sequence and reconcile browser conversions against operational test orders,Approve meaningful actions and investigate missing coverage
AM13,server_orders_refunds,Choose the authoritative sales and refund records,Authenticated operational export initially; later supported server integration with versioned contract,"[""manual private export and normalization"", ""signature-verified queued event/webhook importer""]","[{""id"": ""shopify_webhooks"", ""url"": ""https://shopify.dev/docs/api/webhooks/latest"", ""publisher"": ""Shopify"", ""observed_api_version"": ""2026-10"", ""checked_on"": ""2026-10-02""}, {""title"": ""Recorded preparation evidence; dated snapshot"", ""url"": ""ten-store-lab.html#position""}]","Paid status, captured GBP amounts, incremental refunds and full line/tax/shipping reconciliation","Replay synthetic duplicate, out-of-order, partial-refund and missed-delivery cases then match development records","Unverified signature, conflicting IDs, unsupported currency/status or incomplete export",Idempotent normalize-and-reconcile job with periodic source comparison and private dead-letter records,Verify complete sources and resolve financial exceptions; approve least privilege
AM14,tiktok_measurement,Avoid duplicated conversions and inflated attribution,One emitter initially; matching event name and event_id if Pixel and Events API later send the same conversion,"[""native supported integration"", ""reviewed browser-server pair with shared conversion ID"", ""defer TikTok tracking""]","[{""id"": ""tiktok_dedup"", ""url"": ""https://ads.tiktok.com/resources/help/article/event-deduplication?lang=en"", ""publisher"": ""TikTok"", ""checked_on"": ""2026-10-02""}, {""id"": ""tiktok_api"", ""url"": ""https://business-api.tiktok.com/gateway/docs/index?doc_id=1771100779668482&language=ENGLISH"", ""publisher"": ""TikTok"", ""checked_on"": ""2026-10-02""}, {""id"": ""tiktok_click"", ""url"": ""https://ads.tiktok.com/resources/help/article/tiktok-click-id?lang=en"", ""publisher"": ""TikTok"", ""checked_on"": ""2026-10-02""}, {""id"": ""tiktok_windows"", ""url"": ""https://ads.us.tiktok.com/resources/help/article/about-attribution-windows-at-the-ad-group-level?lang=en"", ""publisher"": ""TikTok"", ""checked_on"": ""2026-10-02""}, {""id"": ""ico_ads"", ""url"": ""https://ico.org.uk/for-organisations/direct-marketing-and-privacy-and-electronic-communications/guidance-on-the-use-of-storage-and-access-technologies/how-do-the-rules-apply-to-online-advertising/"", ""publisher"": ""ICO"", ""checked_on"": ""2026-10-02""}]","One reported conversion per source conversion ID, consent-valid payload, recorded click/view windows",Send duplicate synthetic/test conversion through chosen integration and inspect diagnostics; verify its browser ID shape,"Double counting, event-ID mismatch, consent bypass or unsupported user matching",Generate opaque conversion ID once; reuse on retries/pairs; allow ttclid only in reviewed consent flow,Choose matching/attribution settings and interpret platform credit versus store orders
AM15,attribution_bots,Keep uncertain acquisition sources visible,Allowlisted UTMs and declared bot/internal/test exclusions; direct and unknown remain separate,"[""observed campaign link"", ""observed referrer"", ""unknown"", ""suspected automation reported separately""]","[{""id"": ""shopify_attribution"", ""url"": ""https://help.shopify.com/en/manual/fulfillment/managing-orders/analytics/conversion-summary"", ""publisher"": ""Shopify"", ""checked_on"": ""2026-10-02""}, {""id"": ""ga4_bots"", ""url"": ""https://support.google.com/analytics/answer/9888366?hl=en"", ""publisher"": ""Google"", ""checked_on"": ""2026-10-02""}, {""id"": ""ga4_scopes"", ""url"": ""https://support.google.com/analytics/answer/11080067?hl=en"", ""publisher"": ""Google"", ""checked_on"": ""2026-10-02""}]","Eligible clicks/landings/orders with known coverage, excluded QA count and unknown-source share",Verify UTM registry links and compare one controlled journey's platform and store source records,"Every missing referrer assigned to AI or best creative, crawler visits sold as human demand, retrospective favourable filtering",Classify only observed allowlisted sources; report anomalies and preserve raw exclusion reasons privately,Review suspicious bursts and attribution uncertainty without changing results to favour a treatment
AM16,optional_ga4,Add analytics only when it answers a live question,GA4 optional; one reviewed native commerce emitter with explicit first-user/session/event scopes,"[""Shopify operational reports only"", ""native Google and YouTube connection if suitable"", ""minimal custom interaction for a verified gap""]","[{""id"": ""ga4_shopify"", ""url"": ""https://help.shopify.com/en/manual/reports-and-analytics/google-analytics/google-analytics-setup"", ""publisher"": ""Shopify"", ""checked_on"": ""2026-10-02""}, {""id"": ""ga4_scopes"", ""url"": ""https://support.google.com/analytics/answer/11080067?hl=en"", ""publisher"": ""Google"", ""checked_on"": ""2026-10-02""}, {""title"": ""Recorded preparation evidence; dated snapshot"", ""url"": ""ten-store-lab.html#position""}]","Deduplicated test transaction, no PII leakage and useful scoped funnel answer per setup hour",Inventory theme tags/apps/GTM/custom pixels before any configuration; inspect accepted/refused network behaviour,"Multiple purchase emitters, unknown scope/model or setup effort outweighs the test's decision value",Tag inventory and aggregate comparison only; no GA4 property or channel created by this note,Decide whether the added question justifies setup and processor exposure
AM17,fulfilment_costs,Measure the delivered product and labour,"Link supplier acceptance, dispatch, delivery, support, rework and return costs to the order privately","[""manual fulfilment for a tiny pilot"", ""supplier automation after an end-to-end rehearsal""]","[{""title"": ""Recorded preparation evidence; dated snapshot"", ""url"": ""ten-store-lab.html#position""}, {""title"": ""Recorded preparation evidence; dated snapshot"", ""url"": ""ten-store-lab.html#position""}]","Delivered quality, on-time dispatch/delivery, defect/return rate, servicing minutes and COGS","Time the selected physical product's complete sample fulfilment job including assembly or approval where relevant, quality checks and packaging","Supplier cannot meet promise, personalisation proof fails or time/cost destroys contribution",Prepare private status/cost/time records; supplier ordering remains disabled until gates pass,"Inspect sample, approve customer proof and handle exceptions"
AM18,unit_economics,Compute contribution before and after acquisition separately,"Full variable costs and servicing time first, measured acquisition second, fixed/preparation costs separately","[""sourced model for screening"", ""actual incurred cost cohort after launch""]","[{""title"": ""Recorded preparation evidence; dated snapshot"", ""url"": ""ten-store-lab.html#position""}, {""title"": ""Recorded preparation evidence; dated snapshot"", ""url"": ""ten-store-lab.html#position""}, {""title"": ""Recorded preparation evidence; dated snapshot"", ""url"": ""ten-store-lab.html#position""}]",GBP25 before acquisition and GBP15 after measured acquisition screens; total pilot result after fixed costs and owner time,"Map existing ledger categories to the new breakdown and verify no double counted refund allowance, setup fee, traffic or labour","Missing cost treated as zero, ROAS labelled profit, undefined CAC/ROAS labelled zero or loss outside cash limits",Produce decimal cost waterfall and cohort aggregates from complete private source records,Set owner-time rate and cost allocation; review price viability and uncertainty
AM19,settlement,Establish actual bank settlement before recycling receipts,Retain settlement_reconciliation_required block; existing payout module remains a separate bounded contract,"[""private manual reconciled source review"", ""tested future integration with spending controller""]","[{""title"": ""Recorded preparation evidence; dated snapshot"", ""url"": ""ten-store-lab.html#position""}, {""title"": ""Recorded preparation evidence; dated snapshot"", ""url"": ""ten-store-lab.html#position""}, {""title"": ""Recorded preparation evidence; dated snapshot"", ""url"": ""ten-store-lab.html#position""}]",Complete GBP payout composition matched to unique bank-row identity and signed amount; liabilities/reserve covered,Validate integration using existing synthetic fee/refund/chargeback/payout cases before actual imports,"Capture or sent payout treated as bank cash, unsupported movements omitted, duplicate bank credit or incomplete sources","Normalize full lifecycle, reject unsupported FX/status and match bank rows globally across stores",Authenticate private statement evidence and resolve payout gaps; no new editable bypass flag
AM20,release_stop,Open and continue only one bounded paid test,"Hold launch until product, checkout, rights, consent, economics and available funding pass existing conditions","[""continue GBP0 preparation"", ""one later funded physical pilot"", ""stop or redesign failed candidate""]","[{""title"": ""Recorded preparation evidence; dated snapshot"", ""url"": ""ten-store-lab.html#position""}, {""title"": ""Recorded preparation evidence; dated snapshot"", ""url"": ""ten-store-lab.html#position""}, {""title"": ""Recorded preparation evidence; dated snapshot"", ""url"": ""ten-store-lab.html#position""}]","Verified funding, protected reserve, existing envelopes, paid/delivered/refunded counts and actual contribution",Freeze one offer/audience/price/primary metric/period/eligible cohort and cash ceiling in a release record,"Cash or envelope breach, sample/promise failure, rights/consent defect, unacceptable returns or actual after-acquisition contribution below chosen screen","Generate readiness checklist and tranche review; no automatic plan upgrade, new subscription, supplier order or ad spend","Review product quality, economics and cash evidence before release; existing conditional authority does not need repeat permission within its verified scope"
ST01,selection,How much store work before selecting a product?,"Two research finalists; three distinct buyer-message pages each; one active brand after quality, economics and buyer evidence pass.","[""One page per product"", ""three message pages"", ""ten separate stores""]","[{""url"": ""https://www.lillybrush.com/products/mini-blade"", ""type"": ""primary_reference"", ""interpretation"": ""Observed mechanic or official guidance; the default is a test proposal, not proven conversion uplift.""}, {""url"": ""https://thewoobles.com/products/penguin-crochet-kit"", ""type"": ""primary_reference"", ""interpretation"": ""Observed mechanic or official guidance; the default is a test proposal, not proven conversion uplift.""}]",price-visible qualified interest per eligible UK session; later paid-order contribution,"Compare three buyer problems with consistent product, price, traffic source and fulfilment promise. Use a clearly labelled interest page until ordering is ready.",Pause further brand production if page creation is replacing sample checks or qualified-buyer evidence.,Generate page variants and IDs from reviewed manifests; preserve draft status.,"Choose finalists, verify samples, define eligible buyer and decide which evidence warrants an active store."
ST02,selection,When do products deserve separate brands?,Keep unrelated audiences on distinct test pages; create a separate brand only when buyer and fulfilment evidence justify it.,"[""One neutral test directory"", ""same-buyer store"", ""separate brands""]","[{""url"": ""https://www.taviactive.com/products/stacy-grip-socks-pebble"", ""type"": ""primary_reference"", ""interpretation"": ""Observed mechanic or official guidance; the default is a test proposal, not proven conversion uplift.""}, {""url"": ""https://www.silkelondon.com/products/silk-heatless-curler-brown"", ""type"": ""primary_reference"", ""interpretation"": ""Observed mechanic or official guidance; the default is a test proposal, not proven conversion uplift.""}]",buyer confusion; qualified interest by occasion; operating cost per active store,Ask five target buyers to explain the offer and store purpose without prompting; record exact confusion.,Do not fund ten launch funnels while none has a fulfilment-verified paid order.,"Render audience-specific pages; flag inconsistent support, shipping and claims.",Judge audience compatibility; confirm ownership and support capacity.
ST03,page,What is the first product image?,One original full-product photo of the exact sample with useful scale; show all kit pieces where the kit is sold.,"[""Full product"", ""all pieces"", ""product in use""]","[{""url"": ""https://www.lillybrush.com/products/mini-blade"", ""type"": ""primary_reference"", ""interpretation"": ""Observed mechanic or official guidance; the default is a test proposal, not proven conversion uplift.""}, {""url"": ""https://www.silkelondon.com/products/silk-heatless-curler-brown"", ""type"": ""primary_reference"", ""interpretation"": ""Observed mechanic or official guidance; the default is a test proposal, not proven conversion uplift.""}]",correct product recognition in five-second check; product-to-cart rate,Test recognition at 390 by 844 and 320 CSS pixels before testing a styled lifestyle lead.,Replace an image if buyers misunderstand what arrives or its scale.,"Generate responsive sizes, dimensions and an asset-rights manifest.",Shoot and check the actual sample; approve colour and contents accuracy.
ST04,page,How should product demonstration work?,"Short original real-use video with a poster, explicit play control, captions and a text explanation; load on request.","[""Photo only"", ""on-demand demo"", ""automatic muted demo""]","[{""url"": ""https://www.lillybrush.com/products/mini-blade"", ""type"": ""primary_reference"", ""interpretation"": ""Observed mechanic or official guidance; the default is a test proposal, not proven conversion uplift.""}, {""url"": ""https://mantasleep.com/products/manta-sleep-mask"", ""type"": ""primary_reference"", ""interpretation"": ""Observed mechanic or official guidance; the default is a test proposal, not proven conversion uplift.""}]",qualified product-to-cart rate; video-start rate; page performance,"Compare photo-only with an on-demand demonstration, holding copy and offer fixed.","Stop a video treatment if it obscures the mechanism, adds an unsupported claim or breaks the performance gate.",Encode reviewed footage; produce caption drafts and rights checks.,Film realistic use and failures; approve claims and caption accuracy.
ST05,page,How do buyers know exactly what arrives?,An itemised quantity list plus an original laid-out kit photo; label excluded props.,"[""Text list"", ""annotated photograph"", ""both""]","[{""url"": ""https://www.silkelondon.com/products/silk-heatless-curler-brown"", ""type"": ""primary_reference"", ""interpretation"": ""Observed mechanic or official guidance; the default is a test proposal, not proven conversion uplift.""}, {""url"": ""https://thewoobles.com/products/penguin-crochet-kit"", ""type"": ""primary_reference"", ""interpretation"": ""Observed mechanic or official guidance; the default is a test proposal, not proven conversion uplift.""}]",contents comprehension; missing-item contacts; refunds for description mismatch,Have five first-time readers identify every supplied item and anything they must buy separately.,Block ordering if the page and fulfilment bill of materials disagree.,Compare manifest quantities with page copy and picking list.,Verify received sample contents and supplier substitution rules.
ST06,page,Which material and durability claims are publishable?,"State verified composition, care and limits; retain test records for measurable claims.","[""Basic verified facts"", ""documented comparison"", ""certification claim after verification""]","[{""url"": ""https://www.taviactive.com/products/stacy-grip-socks-pebble"", ""type"": ""primary_reference"", ""interpretation"": ""Observed mechanic or official guidance; the default is a test proposal, not proven conversion uplift.""}, {""url"": ""https://www.silkelondon.com/products/silk-heatless-curler-brown"", ""type"": ""primary_reference"", ""interpretation"": ""Observed mechanic or official guidance; the default is a test proposal, not proven conversion uplift.""}]",material questions; wash/use failure rate; description mismatch,Check care instructions on repeated sample use; verify any certificate covers the exact product and supplier.,"Remove an unsupported superiority, safety, wash-count or certification claim before publication.",Cross-check claims against evidence IDs and expiry dates.,Inspect samples and documents; decide whether a claim is supported.
ST07,page,How should fit and compatibility be explained?,A text size/compatibility table next to selection plus relevant use limits; no image-only guide.,"[""Size table"", ""fit quiz"", ""one-size with proven range""]","[{""url"": ""https://www.taviactive.com/products/stacy-grip-socks-pebble"", ""type"": ""primary_reference"", ""interpretation"": ""Observed mechanic or official guidance; the default is a test proposal, not proven conversion uplift.""}, {""url"": ""https://thewoobles.com/products/penguin-crochet-kit"", ""type"": ""primary_reference"", ""interpretation"": ""Observed mechanic or official guidance; the default is a test proposal, not proven conversion uplift.""}]",selection errors; size-guide use; fit returns by SKU,"Test size choice using measured samples and real buyer measurements; for beauty test hair length/type, for craft test handedness and skill.",Block a SKU whose claimed fit range has no sample support.,Render accessible tables; require a selection and announce changes.,Validate fit or compatibility with appropriate users.
ST08,page,Which price should be visible?,The actual GBP payable product price with tax treatment and shipping cost or calculation beside it.,"[""Single all-in price"", ""item plus stated delivery"", ""qualified postcode calculation""]","[{""url"": ""https://www.gov.uk/online-and-distance-selling-for-businesses/online-selling"", ""type"": ""primary_reference"", ""interpretation"": ""Observed mechanic or official guidance; the default is a test proposal, not proven conversion uplift.""}, {""url"": ""https://elliosa.com/pages/bundle-builder?filter=bundles&view=bundle-new-fast"", ""type"": ""primary_reference"", ""interpretation"": ""Observed mechanic or official guidance; the default is a test proposal, not proven conversion uplift.""}]",price-surprise contacts; checkout abandonment after total display; contribution per session,"Reconcile page, cart and checkout totals for target UK addresses before a launch.","Block launch on unexplained currency, tax, compulsory-charge or price differences.",Calculate approved price displays and compare totals in QA.,Confirm tax setup and real delivery costs.
ST09,page,How precise should delivery be?,A supportable dispatch window and arrival range for the target UK region; distinguish estimate from guarantee and preorder from stock.,"[""Range by region"", ""dated estimate after postcode"", ""guaranteed service after verification""]","[{""url"": ""https://www.lillybrush.com/products/mini-blade"", ""type"": ""primary_reference"", ""interpretation"": ""Observed mechanic or official guidance; the default is a test proposal, not proven conversion uplift.""}, {""url"": ""https://www.gov.uk/online-and-distance-selling-for-businesses/online-selling"", ""type"": ""primary_reference"", ""interpretation"": ""Observed mechanic or official guidance; the default is a test proposal, not proven conversion uplift.""}]",delivery comprehension; on-time delivery; where-is-order contacts,"Run an owned-address sample delivery, recording dispatch, tracking, arrival and parcel condition.",Do not open paid ordering while dispatch source or arrival promise is unverified.,Calculate dates from approved business-day cutoffs and regional rules.,"Verify supplier, carrier and delivery exception handling."
ST10,page,What return promise can the business afford?,"Plain return, faulty-item and fit-exchange steps with period, return costs and contact; fund any extra trial guarantee.","[""Statutory policy"", ""funded fit exchange"", ""funded extended trial""]","[{""url"": ""https://mantasleep.com/products/manta-sleep-mask"", ""type"": ""primary_reference"", ""interpretation"": ""Observed mechanic or official guidance; the default is a test proposal, not proven conversion uplift.""}, {""url"": ""https://www.gov.uk/accepting-returns-and-giving-refunds"", ""type"": ""primary_reference"", ""interpretation"": ""Observed mechanic or official guidance; the default is a test proposal, not proven conversion uplift.""}]",returns per delivered order; support time; contribution after returns,Rehearse one return request and compute the full refund and reverse-logistics cost without submitting a retail purchase.,Do not copy a generous guarantee unless its cash exposure and handling are funded.,Link policy versions to orders; calculate refund scenarios.,Check lawful product-specific terms and operate customer remedies.
ST11,page,What proof belongs on a store with zero orders?,"Own sample footage, test method, transparent limits and accessible contact details; no invented customer or purchase counters.","[""Sample demonstration"", ""documented test"", ""real permissioned customer review later""]","[{""url"": ""https://www.silkelondon.com/products/silk-heatless-curler-brown"", ""type"": ""primary_reference"", ""interpretation"": ""Observed mechanic or official guidance; the default is a test proposal, not proven conversion uplift.""}, {""url"": ""https://www.lillybrush.com/products/mini-blade"", ""type"": ""primary_reference"", ""interpretation"": ""Observed mechanic or official guidance; the default is a test proposal, not proven conversion uplift.""}]",claim comprehension; unanswered buyer questions; verified review coverage,Show a demonstration to target buyers and ask what it proves and what it does not.,"Remove proof whose source, permission or exact-product relevance cannot be shown.","Audit testimonial, count and rights fields; link claims to evidence.",Validate sample findings and approve genuine review use.
ST12,page,How many choices and navigation items should a cold visitor see?,"One clear offer, necessary variants and concise help navigation; defer broad catalogues and elaborate bundle builders.","[""Single offer"", ""same-buyer collection"", ""full catalogue""]","[{""url"": ""https://elliosa.com/pages/bundle-builder?filter=bundles&view=bundle-new-fast"", ""type"": ""primary_reference"", ""interpretation"": ""Observed mechanic or official guidance; the default is a test proposal, not proven conversion uplift.""}, {""url"": ""https://www.taviactive.com/products/stacy-grip-socks-pebble"", ""type"": ""primary_reference"", ""interpretation"": ""Observed mechanic or official guidance; the default is a test proposal, not proven conversion uplift.""}]",variant-choice time; wrong-SKU additions; help-find success,"Ask five buyers to choose the right variant, find delivery and find returns on mobile.",Simplify when users cannot complete one of those tasks unaided; do not interpret this as product rejection.,Generate only available options and concise navigation from the manifest.,Decide which choices are necessary and inspect usability sessions.
ST13,page,Where should the mobile purchase action sit?,"Product, buyer benefit, price and selection near the top; a readable CTA after required choices. Use a sticky CTA only if it preserves context.","[""Normal CTA"", ""contextual sticky CTA"", ""compressed top section""]","[{""url"": ""https://www.lillybrush.com/products/mini-blade"", ""type"": ""primary_reference"", ""interpretation"": ""Observed mechanic or official guidance; the default is a test proposal, not proven conversion uplift.""}, {""url"": ""https://www.silkelondon.com/products/silk-heatless-curler-brown"", ""type"": ""primary_reference"", ""interpretation"": ""Observed mechanic or official guidance; the default is a test proposal, not proven conversion uplift.""}, {""url"": ""https://mantasleep.com/products/manta-sleep-mask"", ""type"": ""primary_reference"", ""interpretation"": ""Observed mechanic or official guidance; the default is a test proposal, not proven conversion uplift.""}]",correct-SKU cart additions per session; accidental additions; task completion,At 320 and 390 CSS pixels test orientation and variant selection; compare CTA placement only after the offer works.,"Remove a sticky treatment if it covers consent, important text or selection errors.",Measure layout bounds and assert no overlap across viewports.,Review the first screen and test with actual mobile users.
ST14,page,Should an email or discount modal appear before product understanding?,No first-visit newsletter overlay; optional inline signup after product and price. Required consent UI must stay understandable.,"[""Inline signup"", ""delayed optional signup"", ""no signup during demand test""]","[{""url"": ""https://www.silkelondon.com/products/silk-heatless-curler-brown"", ""type"": ""primary_reference"", ""interpretation"": ""Observed mechanic or official guidance; the default is a test proposal, not proven conversion uplift.""}, {""url"": ""https://mantasleep.com/products/manta-sleep-mask"", ""type"": ""primary_reference"", ""interpretation"": ""Observed mechanic or official guidance; the default is a test proposal, not proven conversion uplift.""}]",paid-order contribution per session; qualified signup after price; dismissal and confusion,Compare optional inline capture with no capture; keep product price visible in both.,Stop capture if it blocks offer understanding or gets counted as purchase demand.,Log optional capture separately and audit modal stacking.,Approve consent wording and judge whether the captured audience is relevant.
ST15,checkout,Which checkout fields and payment methods?,"Guest checkout, actual supported payment choices, optional unnecessary fields and separate marketing choice.","[""Guest"", ""required account"", ""carrier-required phone""]","[{""url"": ""https://help.shopify.com/en/manual/checkout-settings/checkout-form-options"", ""type"": ""primary_reference"", ""interpretation"": ""Observed mechanic or official guidance; the default is a test proposal, not proven conversion uplift.""}, {""url"": ""https://www.gov.uk/online-and-distance-selling-for-businesses/online-selling"", ""type"": ""primary_reference"", ""interpretation"": ""Observed mechanic or official guidance; the default is a test proposal, not proven conversion uplift.""}]",checkout-to-paid rate; field errors; captured-payment reconciliation,"Rehearse normal and accelerated checkout, address correction and declined-payment recovery in an appropriate test environment.","Block launch if real product shipping, payment availability or completion cannot be verified.",QA allowed checkout configuration and reconcile native records; never collect card data in analytics.,"Verify merchant capability, gateway and carrier requirements."
ST16,checkout,How should shipping methods and trust be presented?,One clear standard service with charge and date range; add express only when fulfilment supports it. Show real contact and policy links.,"[""Standard only"", ""standard plus verified express"", ""pickup where operational""]","[{""url"": ""https://www.gov.uk/online-and-distance-selling-for-businesses/online-selling"", ""type"": ""primary_reference"", ""interpretation"": ""Observed mechanic or official guidance; the default is a test proposal, not proven conversion uplift.""}, {""url"": ""https://mantasleep.com/products/manta-sleep-mask"", ""type"": ""primary_reference"", ""interpretation"": ""Observed mechanic or official guidance; the default is a test proposal, not proven conversion uplift.""}]",shipping-selection errors; abandonment at shipping; delivery-margin variance,Test cart and checkout with representative UK regions and a remote-area exception.,Remove a service with an unsupported delivery promise or negative contribution at its true charge.,"Compare rates, eligibility, packaged weight and promised dates.",Confirm carrier agreement and exceptional-address handling.
ST17,offer,Should the first incentive be a discount or a bundle?,"Start with an honest single offer; test a useful bundle separately from a discount, including full costs.","[""No incentive"", ""useful bundle"", ""real limited promotion""]","[{""url"": ""https://elliosa.com/pages/bundle-builder?filter=bundles&view=bundle-new-fast"", ""type"": ""primary_reference"", ""interpretation"": ""Observed mechanic or official guidance; the default is a test proposal, not proven conversion uplift.""}, {""url"": ""https://www.silkelondon.com/products/silk-heatless-curler-brown"", ""type"": ""primary_reference"", ""interpretation"": ""Observed mechanic or official guidance; the default is a test proposal, not proven conversion uplift.""}]",net retained contribution per eligible session; contribution per order; refund-adjusted AOV,"Compare equal traffic allocation and settled outcomes; charge the cost of every extra unit, gift, parcel and return.",Stop an incentive when retained contribution falls even if reported ROAS or gross AOV rises.,"Compute treatment-level net receipts, discounts, landed cost, delivery, fees and support.","Verify bundle usefulness, sample quality and any reference price."
ST18,offer,Which products can share a store or cross-sell?,"Only products for the same buyer, occasion and fulfilment promise; no automatic mix of all revival candidates.","[""Single product"", ""routine-compatible add-on"", ""distinct stores""]","[{""url"": ""https://mantasleep.com/products/manta-sleep-mask"", ""type"": ""primary_reference"", ""interpretation"": ""Observed mechanic or official guidance; the default is a test proposal, not proven conversion uplift.""}, {""url"": ""https://www.gov.uk/online-and-distance-selling-for-businesses/online-selling"", ""type"": ""primary_reference"", ""interpretation"": ""Observed mechanic or official guidance; the default is a test proposal, not proven conversion uplift.""}]",add-on contribution; conversion effect; buyer explanation of store purpose,"After a base offer sells, test one useful add-on with no default selection; include split-shipment cost.","Remove an add-on that confuses the store, delays the main item or lowers contribution per session.","Flag mismatch in audience, delivery window and support; calculate incremental cost.",Judge compatibility: grip socks plus sock-care bag is plausible; socks plus pet-hair brush needs new evidence.
ST19,quality,Which mobile accessibility checks are a release gate?,"Readable text, text labels, keyboard operation, visible focus, announced errors, non-colour selection and captions; aim for 44px primary controls.","[""Manual checks"", ""automated audit plus manual checks"", ""customer-assisted audit""]","[{""url"": ""https://www.w3.org/WAI/WCAG22/Understanding/target-size-minimum.html"", ""type"": ""primary_reference"", ""interpretation"": ""Observed mechanic or official guidance; the default is a test proposal, not proven conversion uplift.""}, {""url"": ""https://help.shopify.com/en/manual/checkout-settings/checkout-form-options"", ""type"": ""primary_reference"", ""interpretation"": ""Observed mechanic or official guidance; the default is a test proposal, not proven conversion uplift.""}]",task completion with keyboard/zoom/screen reader; blocker count,"Check 200% zoom, 320px width, keyboard size selection, dialog dismissal and a screen-reader purchase rehearsal.","Block release on inaccessible required controls, lost focus or unreadable price/return information.",Run automated checks and layout measurements; retain manual findings.,"Test assistive technology and judge text, focus and control usability."
ST20,quality,What performance evidence counts?,"A lean page and repeatable mobile lab checks before release; later measure real-user LCP, INP and CLS by page version.","[""Lean theme"", ""extra apps after measured benefit"", ""rich autoplay page""]","[{""url"": ""https://web.dev/articles/vitals"", ""type"": ""primary_reference"", ""interpretation"": ""Observed mechanic or official guidance; the default is a test proposal, not proven conversion uplift.""}]","mobile p75 LCP, INP, CLS; session-to-paid contribution; consent coverage",Measure repeated cold-load labs under documented throttling; collect permitted real-user data once traffic exists.,"Investigate if p75 misses LCP 2.5s, INP 200ms or CLS 0.1; pause app additions until explained. Do not label one browser load a field failure.","Compress own images, defer lower-page assets and collect allowed performance telemetry.",Review usability and decide whether an app's commercial benefit justifies its cost.
sp-budget,public shortlist,How much can sourcing and packing consume?,One product research pilot within the existing £200 total ceiling; preserve the existing £75 protected reserve and £25 validation allocation. This research authorises no spend or budget change.,"[""£0 public screening"", ""Authorised test fitting the existing £25 validation allocation"", ""Quote-only proposal for reallocation of available non-reserve funds"", ""Defer if a meaningful test cannot fit""]","[""User's existing £200 ceiling"", ""Existing budget context: £75 protected reserve and £25 validation allocation, unchanged"", ""sourcing-packaging.md: stages without new allocations""]","All-in cumulative cash committed, including VAT, carriage and fees",Build a gross delivered cost sheet for one exact SKU from two suppliers.,"Do not exceed the authorised allocation, release the protected £75 reserve, exceed £200 overall or fund paid ads, twelve stores or retainers from this research.","Sum proposed and committed costs, include existing commitments, and flag allocation or reserve breaches without changing budgets.",Choose the SKU; approve any concrete non-reserve reallocation and purchase or outreach.
sp-route,public shortlist,Which sourcing route should go first?,"Small UK-held batch and self-packing, where the exact SKU and margin pass.","[""UK stock wholesaler"", ""Verified UK-stock dropshipping"", ""EU supplier"", ""AliExpress comparison sample"", ""Alibaba after repeatability evidence"", ""Agent after a documented need""]","[""https://shop.wholesalehq.co.uk/pages/no-moq-wholesale-uk"", ""https://wholesalepa.co.uk/uk-wholesale-with-no-minimum-order/""]","Complete delivered cost, sample quality, dispatch origin and actual customer delivery time","Capture exact variant, pack size, current price, warehouse claim and sample delivery terms.",Reject a route that lacks an inspectable same-SKU sample or workable complete economics.,Maintain dated route comparison with source URLs.,Inspect and choose among the samples; website claims alone are insufficient.
sp-no-moq,public shortlist,Does no MOQ mean a single sellable unit?,"Check quantity per carton, each variant and fulfilment eligibility separately.","[""Single-unit eligible line"", ""Carton quantity"", ""Custom packaging with separate MOQ""]","[""https://www.mxwholesale.co.uk/pages/dropshipping"", ""https://shop.wholesalehq.co.uk/pages/no-moq-wholesale-uk""]",Minimum cash payable and minimum units by variant,Record listing pack size and checkout-independent published delivery charges.,Stop if the actual minimum exceeds the remaining pilot cash or creates untested variants.,Flag ambiguous each-versus-pack prices and missing quantity terms.,Resolve unclear supplier terms before authorising an order.
sp-landed-cost,public shortlist,Which quote is actually cheaper?,Compare landed cost per usable unit on a consistent VAT basis and model adverse returns.,"[""VAT-inclusive cash basis when VAT is not recoverable"", ""Separate recoverable VAT and use net revenue when registered""]","[""https://www.gov.uk/guidance/vat-imports-acquisitions-and-purchases-from-abroad"", ""https://www.gov.uk/import-goods-into-uk""]","Contribution before advertising at 0%, 5% and 15% adverse-event scenarios; actual accepted-unit count","Include goods, duty, freight, tax, clearance, FX/payment fees, pack, labour, outbound shipping and return cost.",Reject negative contribution or a model dependent on omitted charges and perfect quality.,Calculate unit economics and FX/return sensitivities; mark unknown inputs.,"Validate commodity code, origin, VAT status and supplier invoice treatment."
sp-import-terms,supplier audit,Who clears the goods and pays arrival charges?,"Record named-place Incoterms 2020, importer identity and itemised final delivery charges.","[""DDP with documented import arrangements"", ""DAP with buyer clearance and duty/VAT"", ""EXW with separately arranged transport and clearance""]","[""https://academy.iccwbo.org/incoterms/article/incoterms-2020-exw-or-ddp/"", ""https://www.gov.uk/import-goods-into-uk""]","Unassigned charges, importer/document completeness and worst-case arrival cost","Check the quote's freight, duties, VAT, clearance, final mile and EORI/declaration responsibility.",Do not place an import order with unclear importer identity or material unpaid charges.,Checklist and quote comparison; no customs declarations or account actions.,Approve the exact import route and resolve professional tax/customs questions where necessary.
sp-overseas-dropship-vat,supplier audit,Can the overseas direct-to-customer flow be priced correctly?,Determine the retail sale VAT treatment separately from procurement VAT.,"[""UK-held stock sold domestically"", ""Overseas consignment up to £135"", ""Overseas consignment above £135""]","[""https://www.gov.uk/guidance/vat-and-overseas-goods-sold-directly-to-customers-in-the-uk"", ""https://www.gov.uk/government/publications/changes-to-vat-treatment-of-overseas-goods-sold-to-customers-from-1-january-2021/changes-to-vat-treatment-of-overseas-goods-sold-to-customers-from-1-january-2021""]","Documented seller, goods location at sale, consignment value and tax payer","Map both procurement and consumer sale, including all goods sharing the consignment.",Do not launch the specific flow while material VAT responsibility or customer arrival charges are unresolved.,Create transaction-flow record and flag missing fields.,Confirm business tax treatment; no assumed registration or filing.
sp-protected-payment,supplier audit,How should marketplace protections be used?,Save exact eligibility and order terms; use an eligible on-platform payment for Alibaba Trade Assurance.,"[""Protected Alibaba order with written acceptance criteria"", ""AliExpress sample with order-specific return terms"", ""Alternative documented supplier trade terms""]","[""https://tradeassurance.alibaba.com/"", ""https://buyer.alibaba.com/page/tradeassurance/buyer/story.html"", ""https://cdn.contract.alibaba.com/terms/c_end_product_protocol/20240529164446731/20240529164446731.html""]","Protected order value, claim window, specification coverage, return costs and payment fee","Capture settlement currency, provider FX rate/fees, ship date and refund eligibility before purchase.","Stop if critical quality terms are absent, payment is redirected off the protected route, or cost depends on an expired promotion.",Preserve order-term evidence and reminder dates after authorised purchase.,Choose and authorise payment; protection does not establish product safety.
sp-same-sku,comparable samples,What must a sample demonstrate?,Same variant and specification from two sources; keep an accepted reference sample.,"[""Two same-variant samples"", ""One sample plus a later same-SKU repeat if the cap is tight"", ""Reject a non-comparable or substituted sample""]","[""https://www.gov.uk/guidance/product-safety-law-compliance-advice-for-manufacturers-and-importers"", ""sourcing-packaging.md: proposed inspection sheet""]","Essential checks pass/fail, measured dimensions/weight, function, finish, labels and observed listing differences",Write acceptance criteria before delivery and photograph the inspected sample and identifiers.,Reject essential defects or unsupported critical safety claims; do not change criteria to excuse the sample.,"Generate inspection sheet, store results and compare specifications.","Touch, measure, use and inspect the product; arrange specialist tests when product rules require them."
sp-safety-role,supplier audit,Which product obligations apply to this SKU and sales territory?,Use relevant product rules and determine distributor/importer/producer role before sale.,"[""GB distributor of existing compliant stock"", ""GB importer"", ""Own-brand or modified product"", ""Separate NI assessment""]","[""https://www.gov.uk/guidance/product-safety-advice-for-businesses"", ""https://www.gov.uk/government/publications/general-product-safety-regulations-2005/general-product-safety-regulations-2005-great-britain""]","Exact-model documentation, relevant labels/instructions, source identity and risk assessment completeness","Map the product category and match declarations/reports to manufacturer, model and applicable rules.",Pause the particular SKU on missing essential evidence or identified safety risk; other public research can continue.,"Flag missing records, mismatched model numbers and recall notices.",Approve role/category assessment and obtain specialist judgement for disputed or regulated claims.
sp-ip,public shortlist,What does reviving an old winner allow?,"Revisit its customer problem using legitimate goods and original brand, artwork and photography.","[""Independent lawful product and presentation"", ""Licensed use"", ""Reject copied brand/art/design or unresolved patented feature""]","[""https://www.gov.uk/government/publications/ip-crime-and-enforcement-for-businesses/ip-crime-and-enforcement-for-businesses"", ""https://www.gov.uk/using-somebody-elses-intellectual-property""]",Supplier authorisation evidence and product/name/design search findings,"Check the actual goods, brand name, images and distinctive mechanism before listing.",Do not publish copied material or buy stock dependent on unresolved infringement.,Collect public register/search links and flag copied assets.,Make final permission/IP assessment for the specific goods and assets.
sp-pack-test,packing comparison,What packing should the pilot use?,"Smallest protective plain pack plus useful paper instructions; use a free mockup or an explicitly funded existing allocation, with no new packing budget.","[""Plain pack"", ""Plain pack with a small sticker run"", ""Custom print after measured benefit"", ""Specialist protective pack when needed""]","[""https://packhelp.co.uk/p/apparel-mailer-box/custom/?showPricingWithTax=1"", ""https://www.stickerit.co/custom-stickers"", ""https://www.rajapack.co.uk/cardboard-boxes/standard-boxes/raja-white-single-wall-cardboard-boxes_PDT01648.html""]","Material cost, pack time, finished weight/dimensions, abrasion/moisture/crush/movement failures",Compare two suitable plain packs and inspect after an authorised delivery rehearsal.,"Reject a pack that fails protection, covers required labels or forces uneconomic postage.","Cost materials, preserve dieline/size evidence and log pack results.","Assess actual protection, fold/pack fit and final parcel format."
sp-pack-roi,packing comparison,Does premium packaging earn its extra cost?,Defer printed boxes until a specific benefit survives complete cost comparison.,"[""Protection benefit"", ""Useful fit/care information"", ""Testable price premium"", ""Decorative upgrade deferred""]","[""https://packhelp.co.uk/p/apparel-mailer-box/custom/?showPricingWithTax=1"", ""sourcing-packaging.md: £1 extra cost / £20 avoided-event cost = 5 percentage-point break-even reduction""]","Extra material, labour, postage and setup per order versus contribution change",Identify a real failure mode or offer-price hypothesis and compare the complete pack.,Do not book an assumed conversion uplift or willingness to pay as earned revenue.,Calculate break-even event reduction and setup amortisation.,Interpret customer evidence; small samples cannot establish durable conversion or return-rate uplift.
sp-fit-care,comparable samples,Which product information adds value?,"Measured fit/sizing, accurate variant photos and substantiated care instructions; keep variants narrow.","[""Measured size chart"", ""Relevant wash/use test"", ""Supplier-supported fibre/care data"", ""Remove unsupported performance claim""]","[""https://www.gov.uk/guidance/textile-labelling"", ""sourcing-packaging.md: proposed sample and variant checks""]","Measurements, observed wash/use change, label correctness and number of inventory variants",Check the difficult fit variant and test ordinary use according to the stated instructions.,"Do not sell misleading sizes, invent wash instructions or replace mandatory labels with a care card.",Produce charts/inserts from approved measurements and version the source data.,Measure physical samples and approve accurate use instructions.
sp-carriage-promise,delivery rehearsal,What delivery promise and parcel price can be used?,"Use measured packed format and observed supplier plus carrier timing, with a justified buffer.","[""Self-dispatch tracked large letter if it qualifies"", ""Self-dispatch tracked small parcel"", ""Verified supplier direct dispatch""]","[""https://www.royalmail.com/sites/royalmail.com/files/2026-09/online-price-guide-october-2026-v1-ta.pdf"", ""https://www.royalmail.com/prices2026"", ""https://www.gov.uk/online-and-distance-selling-for-businesses/distance-selling""]","Packed size/weight, applicable tariff date, order-to-dispatch and dispatch-to-delivery",Rehearse tracked dispatch and log arrival condition; plan using 5 October tariffs for a launch after that date.,Do not offer an unsupported fast-delivery claim or charge an obsolete parcel rate.,Calculate total promised time and flag tariff expiry or missing tracking.,Authorise recipient/address and physical dispatch; approve delivery wording.
sp-3pl,fulfilment decision,When should stock move to a 3PL?,Self-pack the tiny pilot; retain public 3PL costs as future comparison evidence.,"[""Self-pack"", ""iON public starter rates subject to full terms"", ""Hubd quote after authorised outreach"", ""Another complete quote""]","[""https://ionpackaging.co.uk/pricing/"", ""https://www.hubd.co.uk/pricing/""]","All-in 3PL cost including goods-in, storage, pack, shipping, returns, inserts and stock withdrawal versus saved time/service benefit","At repeat demand, compare a full rate card against measured self-pack minutes and actual carrier cost.",Do not treat headline pick/pack as a delivered-order price or agree a monthly commitment unsupported by volume.,"Estimate costs at 10, 50 and 100 monthly orders without opening accounts.","Authorise quote requests, confirm terms and decide whether service benefit pays for the difference."
sp-returns,pre-sale readiness,How should consumer returns be handled?,"Use the retailer's lawful consumer policy and funded return process, separately from supplier B2B terms.","[""Retailer receives/inspects returns"", ""Agreed 3PL return service"", ""Supplier route only where it meets consumer obligations""]","[""https://www.gov.uk/accepting-returns-and-giving-refunds"", ""https://www.gov.uk/online-and-distance-selling-for-businesses/distance-selling""]","Customer refund timing, standard delivery refund, return cost, resale condition and reserve cash","Draft cancellation/defect flow and rehearse receipt, inspection and refund bookkeeping.",Do not launch with no lawful contact/returns arrangement or a blanket no-refunds policy.,"Track statutory deadlines, return reasons and reserve balances.",Choose compliant business correspondence/return arrangements; no personal home address is published in this research.
sp-repack-claims,pre-sale readiness,What claims can repacked goods carry?,Preserve warnings/identifiers and describe only documented inspection or packing actions.,"[""Inspected and repacked where true"", ""Specific substantiated packaging environmental claim"", ""Own-brand role assessment before relabelling""]","[""https://www.gov.uk/government/publications/general-product-safety-regulations-2005/general-product-safety-regulations-2005-great-britain"", ""https://www.gov.uk/government/publications/green-claims-code-making-environmental-claims/environmental-claims-on-goods-and-services""]","Claim-to-evidence links, required label visibility and correct producer role","Review insert, pack label and product copy against records for the exact SKU.","Remove unsupported refurbished, UK-made, authorised, safety, medical or whole-product sustainability claims.",Flag unsupported claims and preserve approved label/insert versions.,Approve truth and scope of claims and any role change caused by relabelling.
sp-repeat-lots,repeatability,Can the supplier reproduce the accepted product?,Buy only the smallest affordable repeat batch after authorisation and inspect every unit.,"[""Same SKU repeat passes"", ""Supplier remedy with documented retest"", ""Stop supplier/SKU""]","[""https://www.gov.uk/government/publications/general-product-safety-regulations-2005/general-product-safety-regulations-2005-great-britain"", ""sourcing-packaging.md: proposed reference sample and lot register""]","Accepted units, substitutions, defects, batch identity and cost per usable unit","Compare repeat units with retained reference; record supplier invoice, batch and onward customer order.","Stop on essential defects, undocumented substitution, traceability failure or negative contribution.",Link supplier lots to orders and recalculate accepted-unit cost.,"Inspect physical units; authorise remedial action, sale or disposal."
