week,heatless curls,sleep mask,pilates socks,crochet kit,partial_week
2025-09-28,25,43,27,20,0
2025-10-05,28,43,26,21,0
2025-10-12,30,43,25,23,0
2025-10-19,32,51,27,21,0
2025-10-26,21,54,28,25,0
2025-11-02,28,56,31,28,0
2025-11-09,25,69,40,39,0
2025-11-16,29,81,46,37,0
2025-11-23,35,100,58,45,0
2025-11-30,27,88,54,46,0
2025-12-07,31,96,57,51,0
2025-12-14,37,92,53,40,0
2025-12-21,46,86,30,40,0
2025-12-28,39,72,38,34,0
2026-01-04,30,60,45,31,0
2026-01-11,27,62,45,25,0
2026-01-18,34,62,39,29,0
2026-01-25,29,54,38,27,0
2026-02-01,32,60,36,25,0
2026-02-08,27,60,36,32,0
2026-02-15,25,77,33,36,0
2026-02-22,25,63,32,28,0
2026-03-01,30,55,33,20,0
2026-03-08,28,61,35,26,0
2026-03-15,25,63,27,22,0
2026-03-22,33,59,30,15,0
2026-03-29,25,71,29,18,0
2026-04-05,21,60,23,17,0
2026-04-12,22,53,24,17,0
2026-04-19,26,55,21,14,0
2026-04-26,23,52,19,16,0
2026-05-03,25,58,22,17,0
2026-05-10,26,58,22,17,0
2026-05-17,28,59,23,18,0
2026-05-24,15,57,17,15,0
2026-05-31,25,62,25,15,0
2026-06-07,26,57,20,21,0
2026-06-14,25,57,22,16,0
2026-06-21,16,67,19,15,0
2026-06-28,22,67,20,15,0
2026-07-05,20,66,20,16,0
2026-07-12,23,63,18,14,0
2026-07-19,29,64,23,20,0
2026-07-26,25,64,23,17,0
2026-08-02,25,66,24,20,0
2026-08-09,23,67,19,20,0
2026-08-16,27,60,27,20,0
2026-08-23,26,68,25,22,0
2026-08-30,34,67,25,28,0
2026-09-06,30,69,26,24,0
2026-09-13,29,61,27,25,0
2026-09-20,35,59,25,22,0
2026-09-27,35,60,25,23,1
