Scenario,Price_GBP,ActivePayers,ProcessingRate,ProcessingFixed_GBP,RevenueShareRate,UsagePerPayer_GBP,SupportMinutesPerPayer,SupportHourlyCost_GBP,MonthlyCustomerChurn,AllInCAC_GBP,FixedOps_GBP,SeparateResearchBudget_GBP,FounderPay_GBP,MRR_GBP,PaymentAndShare_GBP,UsageTotal_GBP,SupportHours,SupportCost_GBP,ExpectedReplacementPayers,ReplacementCAC_GBP,ContributionBeforeAcquisition_GBP,SurplusBeforeFounder_GBP,SurplusAfterFounder_GBP,UnitContributionAfterReplacement_GBP,PayersNeeded,InitialAcquisitionOnly_GBP
Baseline Shopify,49,30,0.029,0,0,10,30,25,0.05,150,100,50,3000,=B2*C2,=O2*(D2+F2)+C2*E2,=C2*G2,=C2*H2/60,=R2*I2,=C2*J2,=T2*K2,=O2-P2-Q2-S2,=V2-U2-L2-M2,=W2-N2,=B2*(1-D2-F2)-E2-G2-H2*I2/60-J2*K2,"=IF(Y2>0,ROUNDUP((L2+M2+N2)/Y2,0),""not viable"")",=C2*K2
Baseline Shopify,49,48,0.029,0,0,10,30,25,0.05,150,100,50,3000,=B3*C3,=O3*(D3+F3)+C3*E3,=C3*G3,=C3*H3/60,=R3*I3,=C3*J3,=T3*K3,=O3-P3-Q3-S3,=V3-U3-L3-M3,=W3-N3,=B3*(1-D3-F3)-E3-G3-H3*I3/60-J3*K3,"=IF(Y3>0,ROUNDUP((L3+M3+N3)/Y3,0),""not viable"")",=C3*K3
Baseline Shopify,49,100,0.029,0,0,10,30,25,0.05,150,100,50,3000,=B4*C4,=O4*(D4+F4)+C4*E4,=C4*G4,=C4*H4/60,=R4*I4,=C4*J4,=T4*K4,=O4-P4-Q4-S4,=V4-U4-L4-M4,=W4-N4,=B4*(1-D4-F4)-E4-G4-H4*I4/60-J4*K4,"=IF(Y4>0,ROUNDUP((L4+M4+N4)/Y4,0),""not viable"")",=C4*K4
Baseline Shopify,49,300,0.029,0,0,10,30,25,0.05,150,100,50,3000,=B5*C5,=O5*(D5+F5)+C5*E5,=C5*G5,=C5*H5/60,=R5*I5,=C5*J5,=T5*K5,=O5-P5-Q5-S5,=V5-U5-L5-M5,=W5-N5,=B5*(1-D5-F5)-E5-G5-H5*I5/60-J5*K5,"=IF(Y5>0,ROUNDUP((L5+M5+N5)/Y5,0),""not viable"")",=C5*K5
Baseline Shopify,99,30,0.029,0,0,10,30,25,0.05,150,100,50,3000,=B6*C6,=O6*(D6+F6)+C6*E6,=C6*G6,=C6*H6/60,=R6*I6,=C6*J6,=T6*K6,=O6-P6-Q6-S6,=V6-U6-L6-M6,=W6-N6,=B6*(1-D6-F6)-E6-G6-H6*I6/60-J6*K6,"=IF(Y6>0,ROUNDUP((L6+M6+N6)/Y6,0),""not viable"")",=C6*K6
Baseline Shopify,99,48,0.029,0,0,10,30,25,0.05,150,100,50,3000,=B7*C7,=O7*(D7+F7)+C7*E7,=C7*G7,=C7*H7/60,=R7*I7,=C7*J7,=T7*K7,=O7-P7-Q7-S7,=V7-U7-L7-M7,=W7-N7,=B7*(1-D7-F7)-E7-G7-H7*I7/60-J7*K7,"=IF(Y7>0,ROUNDUP((L7+M7+N7)/Y7,0),""not viable"")",=C7*K7
Baseline Shopify,99,100,0.029,0,0,10,30,25,0.05,150,100,50,3000,=B8*C8,=O8*(D8+F8)+C8*E8,=C8*G8,=C8*H8/60,=R8*I8,=C8*J8,=T8*K8,=O8-P8-Q8-S8,=V8-U8-L8-M8,=W8-N8,=B8*(1-D8-F8)-E8-G8-H8*I8/60-J8*K8,"=IF(Y8>0,ROUNDUP((L8+M8+N8)/Y8,0),""not viable"")",=C8*K8
Baseline Shopify,99,300,0.029,0,0,10,30,25,0.05,150,100,50,3000,=B9*C9,=O9*(D9+F9)+C9*E9,=C9*G9,=C9*H9/60,=R9*I9,=C9*J9,=T9*K9,=O9-P9-Q9-S9,=V9-U9-L9-M9,=W9-N9,=B9*(1-D9-F9)-E9-G9-H9*I9/60-J9*K9,"=IF(Y9>0,ROUNDUP((L9+M9+N9)/Y9,0),""not viable"")",=C9*K9
Baseline Shopify,199,30,0.029,0,0,10,30,25,0.05,150,100,50,3000,=B10*C10,=O10*(D10+F10)+C10*E10,=C10*G10,=C10*H10/60,=R10*I10,=C10*J10,=T10*K10,=O10-P10-Q10-S10,=V10-U10-L10-M10,=W10-N10,=B10*(1-D10-F10)-E10-G10-H10*I10/60-J10*K10,"=IF(Y10>0,ROUNDUP((L10+M10+N10)/Y10,0),""not viable"")",=C10*K10
Baseline Shopify,199,48,0.029,0,0,10,30,25,0.05,150,100,50,3000,=B11*C11,=O11*(D11+F11)+C11*E11,=C11*G11,=C11*H11/60,=R11*I11,=C11*J11,=T11*K11,=O11-P11-Q11-S11,=V11-U11-L11-M11,=W11-N11,=B11*(1-D11-F11)-E11-G11-H11*I11/60-J11*K11,"=IF(Y11>0,ROUNDUP((L11+M11+N11)/Y11,0),""not viable"")",=C11*K11
Baseline Shopify,199,100,0.029,0,0,10,30,25,0.05,150,100,50,3000,=B12*C12,=O12*(D12+F12)+C12*E12,=C12*G12,=C12*H12/60,=R12*I12,=C12*J12,=T12*K12,=O12-P12-Q12-S12,=V12-U12-L12-M12,=W12-N12,=B12*(1-D12-F12)-E12-G12-H12*I12/60-J12*K12,"=IF(Y12>0,ROUNDUP((L12+M12+N12)/Y12,0),""not viable"")",=C12*K12
Baseline Shopify,199,300,0.029,0,0,10,30,25,0.05,150,100,50,3000,=B13*C13,=O13*(D13+F13)+C13*E13,=C13*G13,=C13*H13/60,=R13*I13,=C13*J13,=T13*K13,=O13-P13-Q13-S13,=V13-U13-L13-M13,=W13-N13,=B13*(1-D13-F13)-E13-G13-H13*I13/60-J13*K13,"=IF(Y13>0,ROUNDUP((L13+M13+N13)/Y13,0),""not viable"")",=C13*K13
Higher churn and support,99,100,0.029,0,0,10,45,25,0.12,150,100,50,3000,=B14*C14,=O14*(D14+F14)+C14*E14,=C14*G14,=C14*H14/60,=R14*I14,=C14*J14,=T14*K14,=O14-P14-Q14-S14,=V14-U14-L14-M14,=W14-N14,=B14*(1-D14-F14)-E14-G14-H14*I14/60-J14*K14,"=IF(Y14>0,ROUNDUP((L14+M14+N14)/Y14,0),""not viable"")",=C14*K14
Lower churn and support,99,100,0.029,0,0,10,15,25,0.03,150,100,50,3000,=B15*C15,=O15*(D15+F15)+C15*E15,=C15*G15,=C15*H15/60,=R15*I15,=C15*J15,=T15*K15,=O15-P15-Q15-S15,=V15-U15-L15-M15,=W15-N15,=B15*(1-D15-F15)-E15-G15-H15*I15/60-J15*K15,"=IF(Y15>0,ROUNDUP((L15+M15+N15)/Y15,0),""not viable"")",=C15*K15
Two hours support,99,100,0.029,0,0,10,120,25,0.05,150,100,50,3000,=B16*C16,=O16*(D16+F16)+C16*E16,=C16*G16,=C16*H16/60,=R16*I16,=C16*J16,=T16*K16,=O16-P16-Q16-S16,=V16-U16-L16-M16,=W16-N16,=B16*(1-D16-F16)-E16-G16-H16*I16/60-J16*K16,"=IF(Y16>0,ROUNDUP((L16+M16+N16)/Y16,0),""not viable"")",=C16*K16
15 percent Shopify share sensitivity,99,100,0.029,0,0.15,10,30,25,0.05,150,100,50,3000,=B17*C17,=O17*(D17+F17)+C17*E17,=C17*G17,=C17*H17/60,=R17*I17,=C17*J17,=T17*K17,=O17-P17-Q17-S17,=V17-U17-L17-M17,=W17-N17,=B17*(1-D17-F17)-E17-G17-H17*I17/60-J17*K17,"=IF(Y17>0,ROUNDUP((L17+M17+N17)/Y17,0),""not viable"")",=C17*K17
Stripe UK standard card plus Billing,99,100,0.022,0.2,0,10,30,25,0.05,150,100,50,3000,=B18*C18,=O18*(D18+F18)+C18*E18,=C18*G18,=C18*H18/60,=R18*I18,=C18*J18,=T18*K18,=O18-P18-Q18-S18,=V18-U18-L18-M18,=W18-N18,=B18*(1-D18-F18)-E18-G18-H18*I18/60-J18*K18,"=IF(Y18>0,ROUNDUP((L18+M18+N18)/Y18,0),""not viable"")",=C18*K18
